IconLabel,SemanticType,Category
A,symbol,Entity
Advent,time,Function
Advent_calendar,action,Action
Ash_Wednesday,time,Function
B,entity,Entity
Bonfire_Night,object,Entity
Boxing_Day,time,Function
C,action,Action
CD_player_personal,device,Entity
Christian,person,Entity
Christmas,emission,Action
Christmas_Day,time,Function
Christmas_Eve,time,Function
Christmas_bauble,noun,Entity
Christmas_bell,object,Entity
Christmas_cake,food,Entity
Christmas_decorations,food,Entity
Christmas_lights,object,Entity
Christmas_pudding,food,Entity
Christmas_sock,action,Action
Christmas_tree,object,Entity
Christmas_wreath,,Other
Crucifixion,action,Action
D,,Other
DVD_player,object,Entity
DVD_player_portable,object,Entity
E,,Other
Earth,entity,Entity
Earth_crust,entity,Entity
Earth_inner_core,object,Entity
Earth_mantle,entity,Entity
Earth_outer_core,place,Entity
Earths_atmosphere,object,Entity
Easter_egg,object,Entity
Easter_egg_hunt,time,Function
F,entity,Entity
Father_Christmas,person,Entity
Father_Christmas_sack,object,Entity
G,quality,Attribute
Guy_Fawkes,person,Entity
H,object,Entity
Halloween,time,Function
Harvest_Festival,time,Function
Houses_of_Parliament,entity,Entity
I,person,Entity
IT_assistant_1a,person,Entity
IT_assistant_1b,,Other
IT_assistant_2a,person,Entity
IT_assistant_2b,person,Entity
IT_class,,Other
IT_room,location,Function
J,moderator,Attribute
Jesus,,Other
Joseph,entity,Entity
Judas,entity,Entity
Jupiter,entity,Entity
K,action,Action
L,number,Function
Last_Supper,event,Action
Lent,time,Function
M,entity,Entity
Mars,entity,Entity
Mary,person,Entity
Mercury,entity,Entity
Milky_Way,object,Entity
Moon,entity,Entity
N,person,Entity
Nativity,object,Entity
Neptune,entity,Entity
O,shape,Attribute
P,letter,Function
PE,person,Entity
PE_class,content,Entity
Palm_Sunday,time,Function
Pluto,food,Entity
Puritans,object,Entity
Q,emotion,Function
R,modifier,Attribute
Rudolph,object,Entity
S,entity,Entity
Saturn,entity,Entity
Shrove_Tuesday_1,time,Function
T,entity,Entity
U,person,Entity
Uranus,entity,Entity
V,action,Action
Venus,object,Entity
W,quality,Attribute
Wii,entity,Entity
Wii_Fit,object,Entity
X,,Other
Y,quality,Attribute
Z,object,Entity
Zero,quantity,Attribute
a_-_lower_case,letter,Function
above,location,Function
absent,action,Action
acne_spots,entity,Entity
acorn,object,Entity
across,adv,Attribute
activity_centre,object,Entity
add,action,Action
aerial_indoor,place,Entity
aerobics_dance,activity,Action
aeroplane,object,Entity
afraid_lady,person,Entity
afraid_man,emotion,Function
after,,Other
afternoon,time,Function
aftershave,object,Entity
aftershave_1,object,Entity
against,emotion,Function
ahead,adverb,Attribute
air_person_1a,person,Entity
air_person_1b,person,Entity
air_person_2a,entity,Entity
air_person_2b,person,Entity
air_steward_1a,person,Entity
air_steward_1b,person,Entity
air_steward_2a,person,Entity
air_steward_2b,,Other
airways,entity,Entity
algebra_class,concept,Attribute
algebra_formula,object,Entity
almond,object,Entity
ambulance,entity,Entity
angel,entity,Entity
angry_lady,,Other
angry_man,emotion,Function
ankle,body,Entity
answer,quality,Attribute
ant,entity,Entity
ant_eater,entity,Entity
antelope,animal,Entity
apple,food,Entity
apple_juice,drink,Entity
apricot,object,Entity
apron,object,Entity
aquarium,place,Entity
arch_lever_file,object,Entity
archery,action,Action
archery_target,object,Entity
arm,body part,Entity
arm_chair,object,Entity
arms,body,Entity
"armwrestle_,_to",,Other
army_tank,object,Entity
around,action,Action
"arrest_,_to",,Other
arrow_keys,object,Entity
art,,Other
art_class,entity,Entity
art_room,place,Entity
artichoke,entity,Entity
artist_palette,content,Entity
"ask_,_to",,Other
asparagus,food,Entity
assembly,action,Action
at_key,action,Action
atom,entity,Entity
"attract_,_to",,Other
aubergine,food,Entity
aunt_maternal,entity,Entity
aunt_paternal,person,Entity
auroscope,device,Entity
autumn,time,Function
avocado,food,Entity
awake,,Other
away,action,Action
b_-_lower_case,object,Entity
baby,,Other
baby_oil,object,Entity
baby_powder,food,Entity
back,body,Entity
back_1,body,Entity
back_ache,quality,Attribute
back_garden,location,Function
backstop,object,Entity
backwards,action,Action
bacon,object,Entity
bad,adjective,Attribute
badger,entity,Entity
badger_2,entity,Entity
badminton,activity,Action
badminton_racket,object,Entity
bagel,object,Entity
bagel_2,entity,Entity
"bake_,_to",,Other
baked_beans,object,Entity
baked_beans_2,,Other
baker_1a,person,Entity
baker_1b,entity,Entity
baker_2a,person,Entity
baker_2b,person,Entity
baking_powder,food,Entity
baking_tray,entity,Entity
ball,object,Entity
ball_beach,object,Entity
ball_pool,entity,Entity
balloon,object,Entity
banana,food,Entity
banana_bunch,object,Entity
bank,entity,Entity
bank_card,object,Entity
banquet_buffet,object,Entity
bap,quality,Attribute
barbeque,object,Entity
"barbeque_,_to",,Other
base_rock,material,Entity
baseball_base,entity,Entity
baseball_bat,object,Entity
baseball_game,time,Function
baseball_glove,object,Entity
baseball_player,person,Entity
basket,object,Entity
basket_2,object,Entity
basketball,object,Entity
basketball_ball,object,Entity
basketball_game,noun,Entity
bat,entity,Entity
bath,place,Entity
"bath_animal_,_to",,Other
bath_mat,object,Entity
"bathe_,_to",,Other
battery_1,object,Entity
battery_1a,entity,Entity
battery_2,,Other
battery_2a,object,Entity
beach,place,Entity
beach_bag,object,Entity
beach_towel,object,Entity
beads,object,Entity
beak,entity,Entity
beaker_1,object,Entity
beaker_2,entity,Entity
beanbag,object,Entity
beans_on_toast,food,Entity
beansprouts,food,Entity
bear,entity,Entity
bed_four_poster,object,Entity
bed_time,,Other
bee_bumble,,Other
bee_honey,food,Entity
beef,object,Entity
beehive,,Other
beer,object,Entity
bees_nest,entity,Entity
beetle,entity,Entity
beetroot,food,Entity
before,,Other
begin_start,action,Action
behind,place,Entity
bell,object,Entity
below,,Other
belt,entity,Entity
bench,object,Entity
"bend_,_to",,Other
"bend_2_,_to",,Other
bendy,object,Entity
bendy_1,object,Entity
berry,food,Entity
beside_next_to,action,Action
between,location,Function
bib,object,Entity
bicycle,entity,Entity
big_mac_switch,action,Action
big_wheel,object,Entity
bikini,,Other
bin_bag,object,Entity
bin_bags,object,Entity
bingo,object,Entity
bingo_marker,action,Action
bird,entity,Entity
bird_bath,object,Entity
bird_cage,object,Entity
bird_feeder,object,Entity
bird_seed,entity,Entity
birthday_cake,food,Entity
birthday_card,object,Entity
biscuit_chocolate_chip,food,Entity
biscuits,food,Entity
"bite_,_to",,Other
black,quality,Attribute
blackberry,entity,Entity
blackboard,object,Entity
blackcurrant_juice,drink,Entity
blackcurrants,food,Entity
bladder,,Other
bladder_kidneys,entity,Entity
blanket,object,Entity
blanket_chest,object,Entity
blender_drinks,object,Entity
"bless_,_to",,Other
blind,emotion,Function
blind_2,entity,Entity
blinds,entity,Entity
"blink_,_to",,Other
blood_pressure,quality,Attribute
blouse,entity,Entity
"blow_,_to",,Other
"blow_kiss_,_to",action,Action
blue,quality,Attribute
blue_dark,quality,Attribute
blue_light,object,Entity
blusher,object,Entity
boat,object,Entity
bobble_hat,entity,Entity
boccia,object,Entity
boccia_chute,object,Entity
body_outline,,Other
bolt,object,Entity
bone,body,Entity
bone_2,body,Entity
bonfire,place,Entity
book_end,object,Entity
book_ends,object,Entity
book_shelf,object,Entity
bookcase,object,Entity
bootees,object,Entity
boots,,Other
both,quantity,Attribute
bottom,body,Entity
bottom_2,,Other
bottom_3,body,Entity
"bounce_,_to",,Other
"bounce_ball_,_to",,Other
bow,object,Entity
bow_and_arrow,entity,Entity
bow_tie,object,Entity
bowl,object,Entity
bowler_1,person,Entity
bowling,action,Action
bowling_ball,entity,Entity
bowling_gutter,object,Entity
bowling_pins,object,Entity
bowling_spare,object,Entity
bowling_strike,action,Action
"box_,_to",action,Action
boxer_shorts,object,Entity
bra,object,Entity
bracelet_1,entity,Entity
bracelet_2,object,Entity
brain,body,Entity
branch,entity,Entity
brazil_nut,food,Entity
bread,food,Entity
bread_crumbs,object,Entity
bread_roll,food,Entity
bread_roll_2,food,Entity
bread_roll_3,food,Entity
bread_roll_filled,food,Entity
bread_roll_granary,object,Entity
bread_slice,food,Entity
bread_sliced,object,Entity
breafkfast_continental_1,food,Entity
breafkfast_continental_2,entity,Entity
breafkfast_fried,,Other
"break_,_to",,Other
break_2,action,Action
"break_egg_,_to",,Other
break_time_1,time,Function
break_time_2,time,Function
breakfast_1,object,Entity
breakfast_2,food,Entity
breakfast_3,time,Function
breakfast_4,food,Entity
breakfast_5,object,Entity
breakfast_6,time,Function
breakfast_time,time,Function
breakfast_time_1,time,Function
bricks,entity,Entity
bridle,object,Entity
briefcase_1,object,Entity
briefcase_2,object,Entity
bright,quality,Attribute
bright_room,place,Entity
"bring_,_to",,Other
broad_beans,object,Entity
broccoli,food,Entity
broken,quality,Attribute
broken_bone,object,Entity
brooch,entity,Entity
broom,object,Entity
broomstick,object,Entity
brother,person,Entity
brown,quality,Attribute
"brush_animal_,_to",action,Action
"brush_hair_,_to",action,Action
"brush_teeth_,_to",,Other
brussel_sprouts,food,Entity
bubble_bath,food,Entity
bubble_gum_-_blow,,Other
bubble_mixture,object,Entity
bubble_wand,tool,Entity
bubble_wrap,entity,Entity
bubbles,quality,Attribute
bubbles_blow,action,Action
bucket,object,Entity
buckle,entity,Entity
bud,food,Entity
budgie,entity,Entity
buffalo,entity,Entity
"build_,_to",,Other
bulb_holder,object,Entity
bulb_holder_2,object,Entity
bumpy,quality,Attribute
bun_-_hot_cross,food,Entity
bun_currant,object,Entity
bunk_beds,object,Entity
burn,action,Action
"burn_2_,_to",action,Action
bus,object,Entity
bus_double_decker,object,Entity
bus_single_decker,entity,Entity
bush,entity,Entity
busy,action,Action
butter,,Other
butterfly,entity,Entity
butternut_squash,entity,Entity
button,object,Entity
c_-_lower_case,entity,Entity
cabbage,food,Entity
cable_tv,object,Entity
cactus,entity,Entity
cafe,entity,Entity
cafe_2,entity,Entity
cage,object,Entity
cake,food,Entity
cake_bar,food,Entity
cake_case,object,Entity
cake_cup_cake,food,Entity
cake_mix,object,Entity
cake_slice,object,Entity
cake_slice_2,object,Entity
cake_sponge,food,Entity
cake_tin,object,Entity
calculator,tool,Entity
calendar,time,Function
calendar_month,entity,Entity
calf,entity,Entity
"call_out_,_to",,Other
camel,entity,Entity
camera,object,Entity
camera_SLR,noun,Entity
camera_compact,object,Entity
"camp_,_to",,Other
can_opener,content,Entity
can_opener_electric,object,Entity
candle_2,object,Entity
candy_cane,food,Entity
candy_floss,food,Entity
candy_hearts,object,Entity
canoe,object,Entity
cap,body,Entity
car,object,Entity
car_2,object,Entity
car_boot,object,Entity
car_bumper,entity,Entity
car_mechanic_1a,action,Action
car_mechanic_1b,action,Action
car_mechanic_2a,,Other
car_mechanic_2b,,Other
car_toy,object,Entity
car_transporter,entity,Entity
caravan,entity,Entity
carbohydrates,object,Entity
card,object,Entity
cardboard,object,Entity
care_assistant_1a,person,Entity
care_assistant_1b,person,Entity
care_assistant_2a,entity,Entity
care_assistant_2b,person,Entity
care_assistant_3a,object,Entity
care_assistant_3b,entity,Entity
care_assistant_4a,person,Entity
care_assistant_4b,entity,Entity
care_assistant_5a,entity,Entity
care_assistant_5b,person,Entity
care_assistant_6a,entity,Entity
care_assistant_6b,entity,Entity
caretaker_1a,person,Entity
caretaker_1b,person,Entity
caretaker_2a,entity,Entity
caretaker_2b,person,Entity
carol_singer,person,Entity
carpenter_1a,person,Entity
carpenter_1b,person,Entity
carpenter_2a,person,Entity
carpenter_2b,person,Entity
carrot,food,Entity
"carry_,_to",,Other
"carry_books_,_to",action,Action
cart,object,Entity
carton_1,object,Entity
carton_2,entity,Entity
"carve_meat_,_to",,Other
"carve_wood_,_to",action,Action
cash_point,object,Entity
cashew,object,Entity
casserole,object,Entity
casserole_1,object,Entity
casserole_2,object,Entity
cassette_tape,object,Entity
castle,object,Entity
castor_sugar,object,Entity
cat,entity,Entity
cat_bed,,Other
cat_biscuits,food,Entity
cat_food,food,Entity
"catch_,_to",,Other
"catch_2_,_to",action,Action
caterpillar,,Other
catherine_wheel,entity,Entity
cauliflower,entity,Entity
cctv,entity,Entity
ceiling,place,Entity
ceiling_light,object,Entity
"celebrate_1_,_to",action,Action
"celebrate_2_,_to",action,Action
"celebrate_3_,_to",action,Action
celebrate_birthday,action,Action
celebration,event,Action
celeriac,food,Entity
celery,food,Entity
cement_mixer,entity,Entity
centipede,entity,Entity
cereal,food,Entity
cereal_bowl,food,Entity
cereal_box_bran,object,Entity
cereal_box_museli,food,Entity
cereal_bran,food,Entity
cereal_museli,food,Entity
certificate,object,Entity
chair,,Other
chair_computer,entity,Entity
chair_dining,entity,Entity
chair_wing_back,object,Entity
chaise_lounge,object,Entity
chalk,tool,Entity
chameleon,entity,Entity
champagne,food,Entity
chandelier,object,Entity
"change_,_to",,Other
"change_clothes_,_to",,Other
"change_mind_,_to",,Other
"change_nappy_,_to",,Other
"change_tv_channel_,_to",action,Action
"change_weather_,_to",,Other
channel_bbc_1,,Other
chapatti,food,Entity
charge,action,Action
charger_electric,object,Entity
"chase_,_to",,Other
"cheat_,_to",,Other
cheek,body,Entity
cheese,object,Entity
cheese_brie,food,Entity
cheese_burger,food,Entity
cheese_grated,food,Entity
"cheese_on_toast_,_melted",food,Entity
cheese_slices,food,Entity
cheese_stilton,food,Entity
cheetah,entity,Entity
cheque_book,object,Entity
cherry,food,Entity
chest_female,entity,Entity
chest_male,entity,Entity
chest_of_drawers,object,Entity
chestnuts,food,Entity
"chew_,_to",,Other
chewing_gum,food,Entity
chewy_tube,object,Entity
chick,entity,Entity
chicken,,Other
chicken_breast,food,Entity
chicken_deep_fried,food,Entity
chicken_house,object,Entity
chicken_leg,body,Entity
chicken_live,entity,Entity
chicken_nuggets,food,Entity
chicken_pieces,food,Entity
chicken_run,action,Action
childrens_tv,object,Entity
chilli_pepper,quality,Attribute
chimney,object,Entity
chimpanzee,entity,Entity
chin,body,Entity
chinese_cabbage,food,Entity
chinese_food,entity,Entity
chip_and_pin_device,,Other
chipmunk,entity,Entity
chipmunk_2,entity,Entity
chipmunk_3,entity,Entity
chips,food,Entity
chips_packet,food,Entity
chisel,object,Entity
chocolate,object,Entity
chocolate_bar,food,Entity
chocolate_box,food,Entity
chocolate_chips,food,Entity
chocolate_egg,food,Entity
chocolate_log,object,Entity
"choke_,_to",,Other
"chop_,_to",,Other
"chop_wood_,_to",,Other
chopping_board,entity,Entity
church,entity,Entity
cigarette,object,Entity
circle,quality,Attribute
circle_time,action,Action
circuit,,Other
clamp,tool,Entity
"clap_hands_,_to",,Other
class_room,place,Entity
claw,body part,Entity
clay,entity,Entity
clean_dishes,action,Action
clean_hands,action,Action
clean_room,place,Entity
"clean_shoes_,_to",,Other
"clean_window_,_to",,Other
cleaner_1a,tool,Entity
cleaner_1b,object,Entity
cleaner_2a,object,Entity
cleaner_2b,,Other
cleaner_spray,object,Entity
cleaning_box,entity,Entity
"climb_down_,_to",action,Action
"climb_tree_,_to",action,Action
"climb_up_,_to",action,Action
climbing_rock,object,Entity
climbing_wall,,Other
clingfilm,,Other
"clip_nails_,_to",,Other
clipboard,object,Entity
clock,object,Entity
clock_radio,device,Entity
"close_,_to",,Other
"close_door_,_to",,Other
close_to,action,Action
closed,object,Entity
closed_shop,entity,Entity
clothes_extra_large,entity,Entity
clothes_female,food,Entity
clothes_generic,entity,Entity
clothes_hanger,object,Entity
clothes_large,object,Entity
clothes_male,entity,Entity
clothes_medium,object,Entity
clothes_neat,object,Entity
clothes_peg,object,Entity
clothes_small,object,Entity
cloudy,quality,Attribute
clover,entity,Entity
coach,entity,Entity
coat,entity,Entity
coated_spoon,object,Entity
cockatiel,entity,Entity
cockerel,animal,Entity
coconut,food,Entity
coffee,food,Entity
coffee_instant,drink,Entity
coffee_maker,object,Entity
coffee_table,,Other
colander,object,Entity
collar_1,body,Entity
collar_pet,object,Entity
"collect_,_to",,Other
colour,quality,Attribute
coloured_paper,object,Entity
colouring_book,object,Entity
comb,object,Entity
"comb_animal_,_to",action,Action
"come_,_to",action,Action
comedy_tv,noun,Entity
comet,entity,Entity
"communicate_,_to",,Other
communication_aid,object,Entity
communication_aid_2,entity,Entity
communication_aid_chat_2,object,Entity
communication_aid_gotalk_9p,entity,Entity
communication_aid_listen_to_me,action,Action
communication_aid_scan4,action,Action
communication_aid_techspeak_32,object,Entity
communication_board,object,Entity
communication_book,object,Entity
communication_book_portable,object,Entity
communication_device,entity,Entity
computer_1,entity,Entity
computer_2,object,Entity
computer_art,art,Entity
computer_cable,object,Entity
computer_folder,object,Entity
computer_folder_open,entity,Entity
"computer_folder_open_,_to",,Other
computer_game,object,Entity
computer_game_2,object,Entity
computer_keyboard,object,Entity
computer_monitor,object,Entity
computer_mouse_1,object,Entity
computer_mouse_2,entity,Entity
computer_programme,object,Entity
computer_speaker,object,Entity
concentrating_lady,emotion,Function
concentrating_man,emotion,Function
confused_lady,emotion,Function
confused_man,emotion,Function
conical_flask,entity,Entity
connection,quality,Attribute
"cook_,_to",,Other
cook_chef_1a,action,Action
cook_chef_1b,action,Action
cook_chef_2a,entity,Entity
cook_chef_2b,person,Entity
cook_school_1a,entity,Entity
cook_school_1b,entity,Entity
cooker,object,Entity
cooking_oil,object,Entity
copy,action,Action
"copy_,_to",,Other
corned_beef,food,Entity
corner_cabinet,entity,Entity
corner_cabinet_2,object,Entity
cornet,object,Entity
cornflakes,food,Entity
correct,quality,Attribute
correct_thought,entity,Entity
cot,entity,Entity
cottage_cheese,food,Entity
cotton_bud,object,Entity
"count_,_to",,Other
"count_2_,_to",,Other
counters,action,Action
country_Afghanistan,entity,Entity
country_Alaska,entity,Entity
country_Albania,entity,Entity
country_Alderney,entity,Entity
country_Algeria,entity,Entity
country_American_Samoa,object,Entity
country_Andorra,entity,Entity
country_Angola,entity,Entity
country_Anguilla,entity,Entity
country_Antartica,place,Entity
country_Antigua_Barbuda,entity,Entity
country_Argentina,,Other
country_Armenia,,Other
country_Aruba,object,Entity
country_Austria,,Other
country_Azerbaijan,entity,Entity
country_Bahrain,,Other
country_Bangladesh,entity,Entity
country_Barbados,entity,Entity
country_Belarus,entity,Entity
country_Belgium,,Other
country_Belize,geography,Entity
country_Benin,object,Entity
country_Bermuda,entity,Entity
country_Bhutan,entity,Entity
country_Bonaire,entity,Entity
country_Bosnia_Herzegovina,entity,Entity
country_Botswana,place,Entity
country_Bulgaria,place,Entity
country_Burkina_Faso,,Other
country_Burundi,entity,Entity
country_Cambodia,,Other
country_Cameroon,entity,Entity
country_Canada,place,Entity
country_Canary_Islands,object,Entity
country_Cape_Verde,object,Entity
country_Cayman_Islands,entity,Entity
country_Chad,entity,Entity
country_Chile,entity,Entity
country_China,object,Entity
country_Colombia,place,Entity
country_Comoros,entity,Entity
country_Congo_Brazzaville,entity,Entity
country_Congo_Kinshasa,,Other
country_Costa_Rica,entity,Entity
country_Croatia,entity,Entity
country_Cuba,entity,Entity
country_Cyprus,,Other
country_Denmark,entity,Entity
country_Djbouti,entity,Entity
country_Dominican_Republic,,Other
country_Ecuador,entity,Entity
country_England,entity,Entity
country_Eritrea,entity,Entity
country_Estonia,,Other
country_Ethiopia,entity,Entity
country_Falkland_Islands,object,Entity
country_Finland,entity,Entity
country_France,entity,Entity
country_Gabon,entity,Entity
country_Georgia,object,Entity
country_Germany,entity,Entity
country_Ghana,entity,Entity
country_Gibraltar,entity,Entity
country_Greece,entity,Entity
country_Greenland,entity,Entity
country_Grenada,place,Entity
country_Guernsey,entity,Entity
country_Guinea,,Other
country_Guinea_Bissau,,Other
country_Guyana,object,Entity
country_Haiti,entity,Entity
country_Hawaii,object,Entity
country_Honduras,,Other
country_Hong_Kong,entity,Entity
country_Hungary,,Other
country_Iceland,entity,Entity
country_India,entity,Entity
country_Indonesia,entity,Entity
country_Iran,geography,Entity
country_Iraq,entity,Entity
country_Ireland,entity,Entity
country_Isle_of_Man,entity,Entity
country_Israel,,Other
country_Italy,entity,Entity
country_Ivory_Coast,entity,Entity
country_Jamaica,entity,Entity
country_Japan,entity,Entity
country_Jersey,,Other
country_Jordan,geography,Entity
country_Kazakhstan,entity,Entity
country_Kenya,geography,Entity
country_Kosovo,,Other
country_Kuwait,place,Entity
country_Kyrgyzstan,entity,Entity
country_Laos,entity,Entity
country_Latvia,entity,Entity
country_Lebanon,entity,Entity
country_Lesotho,entity,Entity
country_Liberia,,Other
country_Libya,entity,Entity
country_Liechtenstein,entity,Entity
country_Lithuania,,Other
country_Luxembourg,,Other
country_Macedonia,entity,Entity
country_Madagascar,entity,Entity
country_Malaysia,entity,Entity
country_Maldives,object,Entity
country_Mali,entity,Entity
country_Marshall_Islands,entity,Entity
country_Mauritania,entity,Entity
country_Mauritius,entity,Entity
country_Moldova,,Other
country_Monaco,,Other
country_Mongolia,entity,Entity
country_Morocco,entity,Entity
country_Namibia,,Other
country_Nauru,object,Entity
country_Nepal,entity,Entity
country_New_Caledonia,entity,Entity
country_New_Zealand,,Other
country_Niger,,Other
country_Nigeria,,Other
country_Niue,entity,Entity
country_North_Korea,entity,Entity
country_Northern_Cyprus,entity,Entity
country_Norway,entity,Entity
country_Oman,place,Entity
country_Pakistan,geography,Entity
country_Palau,entity,Entity
country_Palestine,,Other
country_Panama,entity,Entity
country_Papua_New_Guinea,entity,Entity
country_Paraguay,object,Entity
country_Pitcairn_Islands,entity,Entity
country_Qatar,place,Entity
country_Romania,entity,Entity
country_Russian_Federation,,Other
country_Rwanda,object,Entity
country_Samoa,entity,Entity
country_Sao_Tome_Principe,entity,Entity
country_Saudi_Arabia,,Other
country_Scotland,,Other
country_Senegal,entity,Entity
country_Seychelles,entity,Entity
country_Sierra_Leone,,Other
country_Singapore,entity,Entity
country_Slovenia,entity,Entity
country_Solomon_Islands,place,Entity
country_Somalia,entity,Entity
country_Somaliland,place,Entity
country_South_Africa,entity,Entity
country_South_Korea,entity,Entity
country_Sri_Lanka,entity,Entity
country_St._Kitts_and_Nevis,,Other
country_St_Vincent_Grenadines,,Other
country_Suriname,entity,Entity
country_Sweden,entity,Entity
country_Switzerland,object,Entity
country_Syria,,Other
country_Taiwan,place,Entity
country_Tanzania,entity,Entity
country_Thailand,,Other
country_The_Azores,object,Entity
country_The_Bahamas,entity,Entity
country_The_Czech_Republic,entity,Entity
country_The_Faroe_Islands,place,Entity
country_The_Gambia,entity,Entity
country_The_Netherlands,,Other
country_The_Sudan,,Other
country_Togo,,Other
country_Trinidad_and_Tobago,entity,Entity
country_Tunisia,place,Entity
country_Turkey,entity,Entity
country_Ukraine,entity,Entity
country_United_Arab_Emirates,location,Function
country_United_Kingdom,object,Entity
country_United_States,entity,Entity
country_Uzbekistan,entity,Entity
country_Vanuatu,entity,Entity
country_Venezuela,entity,Entity
country_Viet_Nam,entity,Entity
country_Wakes_Island,entity,Entity
country_Wales,entity,Entity
country_Western_Sahara,entity,Entity
country_Yemen,entity,Entity
country_Zambia,,Other
country_blank,object,Entity
courgette,food,Entity
"cover_food_,_to",action,Action
cow,entity,Entity
cow_shed,entity,Entity
crab,entity,Entity
cracker,object,Entity
craft_table,,Other
cranberries,entity,Entity
cranberry_juice,drink,Entity
crane,entity,Entity
crane_fly,,Other
"crawl_,_to",,Other
crayon,object,Entity
cream,food,Entity
cream_2,object,Entity
cream_ointment,object,Entity
creme_fraiche,food,Entity
cricket,action,Action
cricket_2,entity,Entity
cricket_ball,entity,Entity
cricket_bowler,entity,Entity
crisp_bread,food,Entity
crisps,food,Entity
crisps_cheese_puffs,food,Entity
crocodile,entity,Entity
crocodile_2,entity,Entity
croissant,food,Entity
crooked,quality,Attribute
cross,symbol,Entity
"cross_fingers_,_to",,Other
cross_palm,entity,Entity
"crouch_,_to",,Other
crown,entity,Entity
crown_of_thorns,object,Entity
cruiser,object,Entity
"crumple_paper_,_to",,Other
crunchy,quality,Attribute
"crush_,_to",,Other
"crush_garlic_,_to",,Other
crutches,object,Entity
crutches_1,entity,Entity
cucumber,food,Entity
cup_non_spill,entity,Entity
cupboard,object,Entity
curly,quality,Attribute
curly_hair,quality,Attribute
currants,object,Entity
curry,food,Entity
curtains,object,Entity
cushion_2,object,Entity
cut,action,Action
"cut_,_to",,Other
cut_and_paste,action,Action
"cut_with_scissors_,_to",,Other
"cycle_,_to",,Other
cycle_helmet,object,Entity
cymbals_hand,entity,Entity
d_-_lower_case,entity,Entity
dad_parent,entity,Entity
daffodil,object,Entity
dairy_products,food,Entity
daisy,food,Entity
"dance_,_to",,Other
"dance_2_,_to",action,Action
"dance_3_,_to",action,Action
danish_pastry,food,Entity
darts,object,Entity
date,time,Function
dates,food,Entity
daughter,person,Entity
day,time,Function
"daydream_,_to",,Other
dead,quality,Attribute
dead_plant,,Other
"decorate_,_to",,Other
"decorate_cake_,_to",,Other
"decorate_tree_,_to",,Other
deep,,Other
deep_fat_fryer,object,Entity
deer,animal,Entity
delicious_drink,,Other
delicious_food,food,Entity
"deliver_,_to",,Other
"deliver_2_,_to",action,Action
delivery_person_1a,person,Entity
delivery_person_1b,person,Entity
delivery_person_2a,object,Entity
delivery_person_2b,person,Entity
delivery_trolley,object,Entity
dental_floss,object,Entity
dentist_1a,,Other
dentist_1b,entity,Entity
dentist_2a,person,Entity
dentist_2b,person,Entity
deodorant,object,Entity
deodorant_spray,object,Entity
desiring_lady,person,Entity
desiring_man,person,Entity
desk,object,Entity
dessert,object,Entity
dessert_menu,object,Entity
"dial_,_to",,Other
diamond,object,Entity
"dice_,_to",,Other
dictionary,reference,Function
"die_,_to",,Other
"dig_,_to",,Other
"dig_2_,_to",action,Action
dining_table,object,Entity
dinner,time,Function
dinner_2_people,food,Entity
dinner_3_people,food,Entity
dinner_cold,object,Entity
dinner_hot,object,Entity
dinner_lady_1a,action,Action
dinner_lady_1b,person,Entity
dinner_time,time,Function
dinner_time_1,time,Function
dinosaur,entity,Entity
"dip_food_,_to",action,Action
dirty,quality,Attribute
dirty_dishes,,Other
disabled_sign,entity,Entity
disabled_toilet,entity,Entity
disgusted_lady,emotion,Function
disgusted_man,emotion,Function
dish,object,Entity
dish_cloth,object,Entity
dish_partitioned,object,Entity
dishes,entity,Entity
dishwasher,,Other
dishwasher_powder,object,Entity
"dive_,_to",action,Action
"dive_2_,_to",action,Action
divide,action,Action
doctor_1a,person,Entity
doctor_1b,person,Entity
doctor_2a,object,Entity
doctor_2b,person,Entity
dog,entity,Entity
dog_basket,object,Entity
dog_bed,object,Entity
dog_biscuits,food,Entity
dog_chew,object,Entity
dog_coat,entity,Entity
dog_food,food,Entity
dog_kennel,entity,Entity
doidy_cup,object,Entity
doll,entity,Entity
dolphin,entity,Entity
donkey,entity,Entity
door,place,Entity
door_2,entity,Entity
double_bed,object,Entity
doughnut,,Other
dove,emotion,Function
down,place,Entity
download,action,Action
"download_,_to",,Other
dragonfly,entity,Entity
draining_board,object,Entity
drama,content,Entity
drama_class,entity,Entity
"draw_,_to",,Other
drawer,entity,Entity
drawing_pin,object,Entity
"dream_,_to",,Other
dress,object,Entity
dresser,object,Entity
dressing_gown,entity,Entity
dressing_table,object,Entity
"dribble_football_,_to",action,Action
drill_bit,object,Entity
drill_electric,,Other
drink,action,Action
"drink_,_to",,Other
"drink_2_,_to",food,Entity
"drink_3_,_to",action,Action
drink_cold,action,Action
drink_cold_2,action,Action
drink_consistency_firm_spoon,object,Entity
drink_consistency_honey_cup,quality,Attribute
drink_consistency_juice_straw,object,Entity
drink_hot,action,Action
drink_hot_2,,Other
drink_large,action,Action
drink_medium,action,Action
drink_small,action,Action
drinks,drink,Entity
"drip_,_to",,Other
"drive_,_to",,Other
dropper_pipette,object,Entity
"drown_,_to",,Other
drum,entity,Entity
drumsticks,food,Entity
dry,quality,Attribute
"dry_face_,_to",,Other
"dry_hair_,_to",action,Action
"dry_hair_2_,_to",,Other
"dry_hands_,_to",,Other
"dry_hands_2_,_to",action,Action
duck,object,Entity
dumper_truck,object,Entity
"dust_,_to",,Other
dysphagia_cup,object,Entity
dysphagia_cup_2,object,Entity
dysphagia_cup_3,object,Entity
e_-_lower_case,quality,Attribute
ear,body_part,Entity
ear_muffs,object,Entity
earrings,entity,Entity
earthworm,entity,Entity
earwig,entity,Entity
east,place,Entity
"eat_,_to",,Other
"eat_1_,_to",,Other
"eat_2_,_to",,Other
egg,entity,Entity
egg_boiled,entity,Entity
egg_cup,object,Entity
egg_fried,food,Entity
egg_on_toast,food,Entity
egg_white,food,Entity
egg_yolk,part_of_an_organism,Entity
eggs,entity,Entity
eggs_scrambled,food,Entity
eight,quantity,Attribute
eight_dots,quantity,Attribute
eighteen,quantity,Attribute
eighth,quantity,Attribute
eighty,quantity,Attribute
either,,Other
elbow,body,Entity
elearning,content,Entity
elephant,entity,Entity
eleven,quantity,Attribute
elf,entity,Entity
emagazine,object,Entity
email,entity,Entity
email_attachment,action,Action
"email_send_,_to",,Other
emery_board,object,Entity
empty,quality,Attribute
energy_monitor,device,Entity
engine,action,Action
english,entity,Entity
english_class,entity,Entity
enough,quality,Attribute
"enter_,_to",,Other
"enter_door_,_to",action,Action
envelope,object,Entity
escalator,object,Entity
"escape_,_to",,Other
even,,Other
every,adjective,Attribute
excited_lady,emotion,Function
excited_man,emotion,Function
"exercise_,_to",,Other
"exit_,_to",,Other
"exit_door_,_to",,Other
extension_lead,object,Entity
extra,adjective,Attribute
extra_2,object,Entity
extra_large,quality,Attribute
eye,object,Entity
eye_drops,medicine,Entity
eye_shadow,entity,Entity
eyebrow,body part,Entity
eyebrow_bushy,body part,Entity
eyebrow_pencil,entity,Entity
eyelash,body,Entity
eyelash_curler,object,Entity
eyes,,Other
eyes_blue,,Other
eyes_brown,,Other
eyes_closed,emotion,Function
eyes_green,body part,Entity
f_-_lower_case,,Other
fabric,entity,Entity
face_neutral_3,emotion,Function
fairy,entity,Entity
"fall_off_,_to",,Other
"fall_over_,_to",action,Action
family,entity,Entity
family_2,entity,Entity
fancy,quality,Attribute
fangs,body part,Entity
farmer_1a,person,Entity
farmer_1b,person,Entity
farmer_2a,person,Entity
farmer_2b,,Other
fast_2,,Other
"fasten_,_to",,Other
fat,quality,Attribute
fats,quality,Attribute
fats_high,quality,Attribute
fats_low,,Other
favourite,entity,Entity
fax_machine,action,Action
feather,object,Entity
features_facial,person,Entity
"feed_cat_,_to",,Other
"feed_dog_,_to",,Other
"feed_someone_,_to",action,Action
"feed_someone_2_,_to",action,Action
feet,body,Entity
felt_tips,object,Entity
female_body,body,Entity
female_side,,Other
fennel,entity,Entity
ferret,animal,Entity
ferry,,Other
fibre_optic_lamp,entity,Entity
field,location,Function
fifteen,quantity,Attribute
fifty,quantity,Attribute
fifty_percent,quantity,Attribute
fig,food,Entity
"fight_,_to",,Other
file,object,Entity
"file_metal_,_to",action,Action
"file_nails_,_to",,Other
"file_wood_,_to",,Other
filing_cabinet,object,Entity
"fill_2_,_to",action,Action
filter_paper,object,Entity
fin,body,Entity
"find_,_to",,Other
finger,body,Entity
finger_painting,action,Action
finger_puppet,object,Entity
fingernail,body part,Entity
fingernails,body part,Entity
fingers,body,Entity
finish,action,Action
fir_tree,object,Entity
fire,emission,Action
fire_engine,entity,Entity
fire_helmet,object,Entity
fire_hose,object,Entity
fireplace,object,Entity
fireworks,object,Entity
fireworks_2,object,Entity
first,adjective,Attribute
first_2,time,Function
first_aid_box,object,Entity
first_base,place,Entity
fish,entity,Entity
"fish_,_to",,Other
fish_and_chips,object,Entity
fish_battered,food,Entity
fish_burger,food,Entity
fish_deep_fried,food,Entity
fish_food,food,Entity
fish_koi_carp,entity,Entity
fish_tank,entity,Entity
fish_tropical,entity,Entity
fist,body,Entity
five,quantity,Attribute
five_dots,quantity,Attribute
flag_Aboriginal_Peoples,entity,Entity
flag_Abu_Dhabi_-_UAE,object,Entity
flag_Afghanistan,object,Entity
flag_African_Union,entity,Entity
flag_Ajman_Dubia_-_UAE,object,Entity
flag_Aland_Islands_-_Finland,entity,Entity
flag_Alaska,entity,Entity
flag_Albania,symbol,Entity
flag_Alderney,entity,Entity
flag_Algeria,,Other
flag_American_Samoa,entity,Entity
flag_Andorra,entity,Entity
flag_Angola,object,Entity
flag_Anguilla,object,Entity
flag_Antartica,object,Entity
flag_Antigua_Barbuda,entity,Entity
flag_Argentina,entity,Entity
flag_Armenia,entity,Entity
flag_Aruba,entity,Entity
flag_Asean,entity,Entity
flag_Austria,object,Entity
flag_Azerbaijan,entity,Entity
flag_Bahrain,entity,Entity
flag_Bangladesh,entity,Entity
flag_Barbados,object,Entity
flag_Belarus,object,Entity
flag_Belgium,entity,Entity
flag_Belize,entity,Entity
flag_Benin,entity,Entity
flag_Bermuda,entity,Entity
flag_Bhutan,object,Entity
flag_Bolivia,entity,Entity
flag_Bonaire_Dutch_Antillies,place,Entity
flag_Bosnia_Herzegovina,,Other
flag_Botswana,entity,Entity
flag_Brazil,entity,Entity
flag_Brunei,entity,Entity
flag_Bulgaria,object,Entity
flag_Burkina_Faso,entity,Entity
flag_Burundi,entity,Entity
flag_Cambodia,entity,Entity
flag_Cameroon,object,Entity
flag_Canada,entity,Entity
flag_Canary_Islands,entity,Entity
flag_Cape_Verde,,Other
flag_Caricom,entity,Entity
flag_Cayman_Islands,entity,Entity
flag_Central_African_Republic,,Other
flag_Chad,,Other
flag_Chile,entity,Entity
flag_China,entity,Entity
flag_Colombia,entity,Entity
flag_Comoros,entity,Entity
flag_Congo_Brazzaville,object,Entity
flag_Congo_Kinshasa,entity,Entity
flag_Cook_Islands,entity,Entity
flag_Costa_Rica,entity,Entity
flag_Croatia,object,Entity
flag_Cuba,entity,Entity
flag_Cyprus,entity,Entity
flag_Denmark,entity,Entity
flag_Djibouti,object,Entity
flag_Dominica,entity,Entity
flag_Dominican_Republic,object,Entity
flag_Ecuador,entity,Entity
flag_Egypt,object,Entity
flag_El_Salvador,,Other
flag_England,entity,Entity
flag_Equatorial_Guinea,entity,Entity
flag_Eritrea,object,Entity
flag_Estonia,place,Entity
flag_Ethiopia,object,Entity
flag_European_Union,entity,Entity
flag_Falkland_Islands,entity,Entity
flag_Fiji,entity,Entity
flag_Finland,entity,Entity
flag_France,entity,Entity
flag_Fujairah_-_UAE,object,Entity
flag_Gabon,object,Entity
flag_Georgia,entity,Entity
flag_Germany,object,Entity
flag_Ghana,entity,Entity
flag_Gibraltar,entity,Entity
flag_Greece,entity,Entity
flag_Greenland,,Other
flag_Grenada,object,Entity
flag_Guam,object,Entity
flag_Guernsey,entity,Entity
flag_Guinea,entity,Entity
flag_Guinea_Bissau,entity,Entity
flag_Guyana,entity,Entity
flag_Haiti,entity,Entity
flag_Hawaii,object,Entity
flag_Honduras,entity,Entity
flag_Hong_Kong_-_China,entity,Entity
flag_Hungary,object,Entity
flag_Iceland,place,Entity
flag_India,entity,Entity
flag_Indonesia,entity,Entity
flag_Iran,entity,Entity
flag_Iraq,symbol,Entity
flag_Ireland,entity,Entity
flag_Isle_of_Man,object,Entity
flag_Israel,entity,Entity
flag_Italy,,Other
flag_Ivory_Coast,symbol,Entity
flag_Jamaica,entity,Entity
flag_Japan,entity,Entity
flag_Jersey,entity,Entity
flag_Jordan,entity,Entity
flag_Kazakhstan,object,Entity
flag_Kenya,entity,Entity
flag_Kiribati,entity,Entity
flag_Kosovo,object,Entity
flag_Kuwait,object,Entity
flag_Kyrgyzstan,object,Entity
flag_Laos,entity,Entity
flag_Latvia,object,Entity
flag_Lebanon,entity,Entity
flag_Lesotho,entity,Entity
flag_Liberia,,Other
flag_Libya,object,Entity
flag_Liechtenstein,entity,Entity
flag_Lithuania,entity,Entity
flag_Luxembourg,entity,Entity
flag_Macedonia,entity,Entity
flag_Madagascar,entity,Entity
flag_Malawi,entity,Entity
flag_Malaysia,entity,Entity
flag_Maldives,entity,Entity
flag_Mali,object,Entity
flag_Malta,entity,Entity
flag_Marshall_Islands,object,Entity
flag_Mauritania,object,Entity
flag_Mauritius,entity,Entity
flag_Mexico,object,Entity
flag_Micronesia,,Other
flag_Midway_Islands,entity,Entity
flag_Moldova,entity,Entity
flag_Monaco,entity,Entity
flag_Mongolia,entity,Entity
flag_Montenegro,object,Entity
flag_Morocco,entity,Entity
flag_Mozambique,entity,Entity
flag_Myanmar,entity,Entity
flag_NATO,object,Entity
flag_Namibia,object,Entity
flag_Nauru,entity,Entity
flag_Nepal,entity,Entity
flag_New_Caledonia,entity,Entity
flag_New_Zealand,entity,Entity
flag_Nicaragua,entity,Entity
flag_Niger,object,Entity
flag_Nigeria,entity,Entity
flag_Niue,object,Entity
flag_North_Korea,entity,Entity
flag_Northern_Cyprus,entity,Entity
flag_Northern_Marianas,,Other
flag_Norway,entity,Entity
flag_Olympic_Movement,,Other
flag_Oman,entity,Entity
flag_Pakistan,object,Entity
flag_Palau,entity,Entity
flag_Palestine,,Other
flag_Panama,entity,Entity
flag_Papua_New_Guinea,entity,Entity
flag_Paraguay,entity,Entity
flag_Peru,entity,Entity
flag_Philippines,entity,Entity
flag_Pitcairn_Islands,object,Entity
flag_Poland,entity,Entity
flag_Portugal,object,Entity
flag_Puerto_Rico,entity,Entity
flag_Qatar,entity,Entity
flag_Rass_al_Khaimah_Sharjah,entity,Entity
flag_Red_Cross,entity,Entity
flag_Romania,entity,Entity
flag_Russian_Federation,entity,Entity
flag_Rwanda,symbol,Entity
flag_S_Georgia_Sandwich_Isles,object,Entity
flag_Sami,object,Entity
flag_Samoa,entity,Entity
flag_San_Marino,entity,Entity
flag_Sao_Tome_Principe,object,Entity
flag_Sark,object,Entity
flag_Saudi_Arabia,entity,Entity
flag_Scotland,entity,Entity
flag_Seborga,object,Entity
flag_Senegal,object,Entity
flag_Serbia,entity,Entity
flag_Seychelles,entity,Entity
flag_Sierra_Leone,object,Entity
flag_Singapore,entity,Entity
flag_Slovakia,entity,Entity
flag_Slovenia,entity,Entity
flag_Solomon_Islands,place,Entity
flag_Somalia,entity,Entity
flag_Somaliland,noun,Entity
flag_South_Africa,object,Entity
flag_South_Korea,entity,Entity
flag_Spain,object,Entity
flag_Sri_Lanka,object,Entity
flag_St._Kitts_and_Nevis,entity,Entity
flag_St_Helena,place,Entity
flag_St_Vincent_Grenadines,entity,Entity
flag_Suriname,entity,Entity
flag_Swaziland,entity,Entity
flag_Sweden,entity,Entity
flag_Switzerland,object,Entity
flag_Syria,entity,Entity
flag_Taiwan,entity,Entity
flag_Tajikistan,entity,Entity
flag_Tanzania,entity,Entity
flag_Thailand,place,Entity
flag_The_Azores,entity,Entity
flag_The_Bahamas,,Other
flag_The_Czech_Republic,object,Entity
flag_The_Faroe_Islands,entity,Entity
flag_The_Gambia,entity,Entity
flag_The_Netherlands,object,Entity
flag_The_Sudan,object,Entity
flag_Tibet,object,Entity
flag_Timor_Leste,,Other
flag_Togo,place,Entity
flag_Tokelau,entity,Entity
flag_Tonga,entity,Entity
flag_Trinidad_and_Tobago,object,Entity
flag_Tristan_de_Cunha,entity,Entity
flag_Tunisia,object,Entity
flag_Turkey,,Other
flag_Turkmenistan,entity,Entity
flag_Turks_Caicos_Isles,object,Entity
flag_Tuvalu,entity,Entity
flag_Uganda,entity,Entity
flag_Ukraine,entity,Entity
flag_Umm_al_Qaiwan_-_UAE,entity,Entity
flag_United_Arab_Emirates,object,Entity
flag_United_Kingdom,entity,Entity
flag_United_Nations,object,Entity
flag_United_States_of_America,,Other
flag_Uruguay,object,Entity
flag_Uzbekistan,entity,Entity
flag_Vanuatu,entity,Entity
flag_Vatican_City,entity,Entity
flag_Venezuela,object,Entity
flag_Viet_Nam,entity,Entity
flag_Virgin_Islands,object,Entity
flag_Wakes_Island,entity,Entity
flag_Wales,entity,Entity
flag_Western_Sahara,object,Entity
flag_Yemen,,Other
flag_Zambia,entity,Entity
flag_Zimbabwe,entity,Entity
flag_blank,entity,Entity
flame,object,Entity
flamingo,entity,Entity
flannel,object,Entity
flat,,Other
flat_tyre,object,Entity
flatscreen_tv,object,Entity
"flip_,_to",,Other
"flip_coin_,_to",,Other
flipper,entity,Entity
float,,Other
floor,place,Entity
florist_1a,person,Entity
florist_1b,person,Entity
florist_2a,entity,Entity
florist_2b,,Other
flour_plain,food,Entity
flour_self_raising,food,Entity
flower,entity,Entity
"flush_toilet_,_to",,Other
flute,entity,Entity
fly,object,Entity
"fold_clothes_,_to",action,Action
food,food,Entity
food_blender,entity,Entity
food_bowl_dog,object,Entity
food_bowl_horse,entity,Entity
food_cold,food,Entity
food_hot,food,Entity
foot,body,Entity
football,,Other
football_kit_Arsenal,action,Action
football_kit_Aston_Villa,object,Entity
football_kit_Barnsley,object,Entity
football_kit_Birmingham,object,Entity
football_kit_Blackburn_Rovers,object,Entity
football_kit_Blackpool,entity,Entity
football_kit_Bolton_Wanderers,entity,Entity
football_kit_Bristol_City,entity,Entity
football_kit_Burnley,object,Entity
football_kit_Cardiff,object,Entity
football_kit_Chelsea,entity,Entity
football_kit_Coventry,,Other
football_kit_Crystal_Palace,object,Entity
football_kit_Derby,object,Entity
football_kit_Doncaster,entity,Entity
football_kit_Everton,object,Entity
football_kit_Fulham,entity,Entity
football_kit_Hull_City,object,Entity
football_kit_Ipswich,object,Entity
football_kit_Leicester,action,Action
football_kit_Liverpool,entity,Entity
football_kit_Manchester_City,entity,Entity
football_kit_Manchester_United,object,Entity
football_kit_Middlesbrough,entity,Entity
football_kit_Newcastle_United,object,Entity
football_kit_Nottingham_Forest,object,Entity
football_kit_Peterborough,object,Entity
football_kit_Plymouth_Argyle,entity,Entity
football_kit_Portsmouth,object,Entity
football_kit_Preston,entity,Entity
football_kit_QPR,,Other
football_kit_Reading,object,Entity
football_kit_Scunthorpe,entity,Entity
football_kit_Sheffield_United,,Other
football_kit_Sheffield_Weds,object,Entity
football_kit_Spurs,object,Entity
football_kit_Stoke_City,object,Entity
football_kit_Sunderland,object,Entity
football_kit_Swansea,object,Entity
football_kit_Watford,,Other
football_kit_West_Bromwich,,Other
football_kit_West_Ham_United,entity,Entity
football_kit_Wigan_Athletic,object,Entity
football_kit_Wolves,object,Entity
football_kit_blank,object,Entity
forearm,body,Entity
fork,object,Entity
fork_adapted,object,Entity
fork_lift_truck,entity,Entity
forty,quantity,Attribute
forward,action,Action
forward_wind,action,Action
forwards,action,Action
four,quantity,Attribute
four_dots,object,Entity
fourteen,quantity,Attribute
fox,entity,Entity
frankincense,entity,Entity
freckles,body part,Entity
freezer,device,Entity
french_stick,food,Entity
friction,quality,Attribute
fridge,object,Entity
fried_breakfast,food,Entity
frog,entity,Entity
fromage_frais,food,Entity
front,location,Function
front_door,place,Entity
frozen_chips,object,Entity
frozen_fish_fingers,entity,Entity
frozen_food_box,object,Entity
frozen_pizza,food,Entity
fruit,food,Entity
fruit_tree,entity,Entity
"fry_,_to",,Other
frying_pan,object,Entity
full,quality,Attribute
funnel,object,Entity
funny_laugh,,Other
furniture,object,Entity
future,time,Function
fuzzy,quality,Attribute
g_-_lower_case,quality,Attribute
garage,place,Entity
garden_chair_folding,object,Entity
garden_clippers,object,Entity
gardener_1a,,Other
gardener_1b,person,Entity
gardener_2a,,Other
gardener_2b,person,Entity
garlic,entity,Entity
garlic_bread,food,Entity
garlic_crusher,action,Action
geography,topic,Attribute
geography_class,entity,Entity
"get_,_to",,Other
"get_dressed_,_to",,Other
"get_off_bus_,_to",,Other
"get_on_bus_,_to",action,Action
"get_out_of_chair_,_to",,Other
"get_up_,_to",,Other
"get_up_2_,_to",action,Action
ghost,entity,Entity
giraffe,entity,Entity
"give_,_to",,Other
"give_up_cake_,_to",,Other
"give_up_foods_,_to",action,Action
glass,entity,Entity
"glass_,_drinking",,Other
glasses,entity,Entity
glitter,quality,Attribute
globe,place,Entity
gloves,object,Entity
glue,object,Entity
glue_stick,,Other
gnat,entity,Entity
"go_,_to",,Other
"go_in_,_to",action,Action
"go_out_2_,_to",action,Action
"go_outside_,_to",,Other
"go_through_door_,_to",,Other
goal,object,Entity
gold_bar,object,Entity
goldfish,entity,Entity
goldfish_bowl,object,Entity
golf,action,Action
golf_club,object,Entity
good,quality,Attribute
good_person,person,Entity
good_to_drink,quality,Attribute
good_to_eat,emotion,Function
good_to_eat_2,action,Action
goose,entity,Entity
goose_roast,food,Entity
gooseberry,food,Entity
gorilla,entity,Entity
"grab_,_to",,Other
"grab_1_,_to",action,Action
grains,,Other
grandfather,person,Entity
grandmother,person,Entity
grandparents,entity,Entity
grape_juice,food,Entity
grapefruit,food,Entity
grapefruit_juice,drink,Entity
grapes,food,Entity
graph_column,,Other
grass,entity,Entity
"grate_,_to",,Other
grater,,Other
gravity,quality,Attribute
gravy_boat,object,Entity
"gravy_pour_,_to",action,Action
great,quality,Attribute
green,quality,Attribute
green_beans,food,Entity
green_dark,quality,Attribute
green_light,object,Entity
greengrocer_1a,entity,Entity
greengrocer_1b,,Other
greengrocer_2a,person,Entity
greengrocer_2b,entity,Entity
grey_dark,entity,Entity
grey_light,quality,Attribute
"grill_,_to",,Other
grill_pan,entity,Entity
ground,location,Function
group_work,action,Action
"grow_,_to",,Other
"grow_2_,_to",,Other
"grow_hair_,_to",,Other
"grow_hair_2_,_to",,Other
"guess_,_to",,Other
guinea_pig,entity,Entity
guitar,entity,Entity
gum,food,Entity
guy,person,Entity
gym_1,object,Entity
h_-_lower_case,quality,Attribute
hair_bunches,person,Entity
hair_conditioner,object,Entity
hair_curler,tool,Entity
hair_curlers_electric,entity,Entity
hair_curling_tongs,,Other
hair_dye,entity,Entity
hair_dye_1,object,Entity
hair_plaits,entity,Entity
hair_ponytail,body,Entity
hairbrush,object,Entity
haircut,action,Action
hairdryer,object,Entity
hairspray,object,Entity
half,quantity,Attribute
ham,food,Entity
ham_packet,food,Entity
hamburger,food,Entity
hamburger_carton,entity,Entity
hammer,object,Entity
hamster,entity,Entity
hamster_food,food,Entity
hamster_maze,object,Entity
hand_bag,object,Entity
hand_cream,,Other
hand_mixer,object,Entity
hand_punch,object,Entity
handcuffs,object,Entity
handle_bars,entity,Entity
handsome,quality,Attribute
"hang_,_to",,Other
"hang_coat_,_to",action,Action
hangar,place,Entity
hankerchief,object,Entity
happy_lady,person,Entity
happy_man,person,Entity
hard,quality,Attribute
hard_hat,noun,Entity
hare,animal,Entity
harvest,action,Action
hat_-_ladies,object,Entity
hat_-_mans,person,Entity
hat_Christmas,entity,Entity
hat_too_big,object,Entity
"hatch_,_to",,Other
haunted_house,entity,Entity
hazelnut,entity,Entity
head,body,Entity
head_teacher_1a,,Other
head_teacher_1b,person,Entity
head_teacher_2a,person,Entity
head_teacher_2b,person,Entity
headache,emotion,Function
headband,object,Entity
headboard,object,Entity
headlamp,object,Entity
headmouse,entity,Entity
headphones,object,Entity
headpointer_2,object,Entity
healthy,quality,Attribute
"hear_,_to",,Other
hearing_aid_1,object,Entity
hearing_aid_2,object,Entity
heart,emotion,Function
heart_shape,object,Entity
"heat_,_to",,Other
heavy,quality,Attribute
hedge,object,Entity
hedge_cutters,object,Entity
hedgehog,entity,Entity
heel,body,Entity
heel_of_shoe,body,Entity
helicopter,entity,Entity
hello,,Other
helmet,entity,Entity
helmet_pilot,object,Entity
"help_,_to",,Other
heptagon,object,Entity
heron,entity,Entity
hexagon,shape,Attribute
high,quality,Attribute
high_chair,object,Entity
highest,quality,Attribute
"hike_,_to",,Other
"hike_2_,_to",,Other
hip,body,Entity
hippopotamus,entity,Entity
hips,body,Entity
history,action,Action
history_class,action,Action
"hit_,_to",,Other
"hit_something_,_to",,Other
hoe,body,Entity
hoist,action,Action
"hold_,_to",,Other
"hold_hands_,_to",,Other
"hold_sledge_hammer_,_to",action,Action
holdall,object,Entity
hole_punch,object,Entity
hole_punch_2,entity,Entity
hollow,object,Entity
holly,entity,Entity
homepage,object,Entity
honey,food,Entity
hood_hoodie,entity,Entity
hooded_top,entity,Entity
hoof,object,Entity
"hoover_,_to",,Other
"hop_,_to",,Other
"hop_2_,_to",action,Action
horns,entity,Entity
horse,entity,Entity
hose,object,Entity
hot,quality,Attribute
hot_air_balloon,entity,Entity
hot_brush,object,Entity
hot_chocolate,drink,Entity
hot_dog,,Other
hot_person,emotion,Function
house,entity,Entity
how,action,Action
how_many,action,Action
"hug_,_to",,Other
hundred,quantity,Attribute
hungry,emotion,Function
"hunt_,_to",,Other
husband,relationship,Function
iPhone,object,Entity
iPod,object,Entity
i_-_lower_case,object,Entity
ice_cream,food,Entity
ice_cream_2,food,Entity
ice_cream_tub,object,Entity
ice_lolly,food,Entity
in,place,Entity
in_front,place,Entity
inbox,object,Entity
index_cards,entity,Entity
ingredients,food,Entity
inhaler,object,Entity
"insert_,_to",,Other
inside_out,action,Action
inside_room,location,Function
install_software,action,Action
intellikeys,object,Entity
internet,object,Entity
intestine,body,Entity
iron,entity,Entity
"iron_,_to",,Other
ironing_board,object,Entity
is_this_enough,action,Action
itch,emotion,Function
ivy,entity,Entity
ivy_2,object,Entity
j_-_lower_case,entity,Entity
jack_in_box,object,Entity
jacket,object,Entity
jacket_-_mans,object,Entity
jacket_2,clothing,Entity
jacket_potato_1,entity,Entity
jam,food,Entity
jam_tart,food,Entity
jar,entity,Entity
jealous_lady,entity,Entity
jealous_man,emotion,Function
jeans,entity,Entity
jeep,object,Entity
jelly,food,Entity
jelly_beans,food,Entity
jellyfish,entity,Entity
jet_plane,object,Entity
jewellery,object,Entity
jigsaw_puzzle,object,Entity
jigsaw_puzzle_piece,object,Entity
"jog_,_to",,Other
"join_,_to",,Other
"join_2_,_to",action,Action
join_3,action,Action
joystick_PennyGiles,,Other
judo,action,Action
judo_belt,object,Entity
"jump_,_to",,Other
"jump_2_,_to",action,Action
jumper,object,Entity
jungle_gym,object,Entity
k_-_lower_case,entity,Entity
kangaroo,entity,Entity
kebab,object,Entity
"keep_,_to",,Other
kennel,place,Entity
kettle,object,Entity
key_1,object,Entity
key_2,entity,Entity
keyboard_electric,object,Entity
"kick_ball_,_to",action,Action
"kick_ball_1_,_to",,Other
"kick_ball_2_,_to",action,Action
"kick_person_,_to",action,Action
"kick_swimming_,_to",action,Action
kidneys,,Other
"kill_,_to",,Other
killer_whale,entity,Entity
kite,entity,Entity
kiwi,object,Entity
knee,body,Entity
knickers,,Other
knife,entity,Entity
knife_adapted,object,Entity
knife_adapted_2,object,Entity
"knit_,_to",,Other
"knock_,_to",,Other
"knock_down_,_to",action,Action
koala,entity,Entity
koosh_ball,entity,Entity
l_-_lower_case,entity,Entity
labels,entity,Entity
ladies_toilet,place,Entity
ladle,object,Entity
lady_-_face,person,Entity
lager,object,Entity
lamb,,Other
lamb_2,entity,Entity
lamp,object,Entity
lampshade,object,Entity
lampshade_2,object,Entity
lantern,object,Entity
lantern_2,object,Entity
laptop,object,Entity
large,quality,Attribute
lasagne,food,Entity
last,adjective,Attribute
last_2,,Other
last_month,,Other
laughing_lady,entity,Entity
laughing_man,person,Entity
laundry_basket,object,Entity
lava_lamp,entity,Entity
lawnmower,object,Entity
lead,food,Entity
leaf,,Other
leaves,body,Entity
leek,,Other
left,quality,Attribute
left_click,action,Action
left_hand,body part,Entity
leg,body,Entity
leg_warmers,entity,Entity
lego,entity,Entity
legs,body,Entity
lemon,food,Entity
lemon_squash,object,Entity
lemonade,drink,Entity
lemonade_2,food,Entity
lens,object,Entity
lentils,entity,Entity
leopard,entity,Entity
letter,object,Entity
lettuce,food,Entity
lid,entity,Entity
lid_2,object,Entity
"lie_on_back_,_to",,Other
lift,object,Entity
light,object,Entity
lightbulb,object,Entity
lily,entity,Entity
lime,food,Entity
line_diagonal,shape,Attribute
line_horizontal,object,Entity
line_parallel,quality,Attribute
line_vertical,object,Entity
lion,animal,Entity
lip_balm,entity,Entity
lip_bottom,body,Entity
lip_top,body,Entity
lips_1,body,Entity
lipstick,object,Entity
liquid_soap,object,Entity
little,quality,Attribute
little_mac_switch,object,Entity
lizard,entity,Entity
locker,object,Entity
log,entity,Entity
lollipop,food,Entity
long,,Other
long_hair,quality,Attribute
long_johns,entity,Entity
"look_,_to",,Other
"look_in_mirror_,_to",action,Action
lorry,entity,Entity
lorry_2,entity,Entity
lost,quality,Attribute
lotion,food,Entity
lots_more,action,Action
loud,quality,Attribute
low_fat_2,quality,Attribute
lowest,quality,Attribute
lucky,quality,Attribute
lump,entity,Entity
lunch_1,food,Entity
lunch_2,food,Entity
lunch_box,object,Entity
lunch_box_1,object,Entity
lunch_time,time,Function
lungs,entity,Entity
m_-_lower_case,character,Entity
macadamias,food,Entity
macaroni,object,Entity
macaroni_cheese,food,Entity
magnet,entity,Entity
magnetic,entity,Entity
main_course,food,Entity
mains_socket,object,Entity
"make_,_to",,Other
"make_the_bed_,_to",,Other
make_up,food,Entity
male_body,,Other
man_-_face,person,Entity
mange_tout,entity,Entity
manger,object,Entity
mango,object,Entity
marbles,object,Entity
margarine,food,Entity
marmite,food,Entity
married,action,Action
marrow,object,Entity
marshmallows,food,Entity
mascara,object,Entity
"mash_,_to",,Other
"mash_potato_,_to",action,Action
mash_potato_1,food,Entity
mash_potato_2,object,Entity
masher,object,Entity
mask_dustmask,object,Entity
masking_tape,object,Entity
maths,education,Other
maths_class,subject,Function
mauve,quality,Attribute
mauve_dark,object,Entity
mauve_light,quality,Attribute
mayonnaise,food,Entity
measuring_cups,object,Entity
measuring_jug,object,Entity
measuring_spoons,object,Entity
meat,food,Entity
meatballs_and_spaghetti,object,Entity
medal,object,Entity
medicine,object,Entity
medicine_cabinet,object,Entity
"meet_,_to",,Other
melon,food,Entity
"melt_,_to",,Other
memory_card,entity,Entity
memory_card_2,object,Entity
mend,action,Action
mens_toilet,place,Entity
menu,object,Entity
meringues,,Other
merry_go_round,object,Entity
messy_clothes,body,Entity
messy_room,place,Entity
microphone,object,Entity
microscope,,Other
microwave,object,Entity
middle,quality,Attribute
milk,food,Entity
milk_2_litre,object,Entity
milk_bottle,object,Entity
milk_carton,entity,Entity
milk_person_1a,person,Entity
milk_person_1b,person,Entity
milk_person_2a,,Other
milk_person_2b,,Other
milkshake,object,Entity
milkshake_banana,food,Entity
milkshake_chocolate,food,Entity
milkshake_strawberry,food,Entity
mince_pie,food,Entity
minced_meat,food,Entity
mini_bus,,Other
mints,object,Entity
minute,time,Function
mirror,object,Entity
mirror_1,quality,Attribute
mirror_2,entity,Entity
mirror_ball,entity,Entity
"miss_bus_,_to",action,Action
mistake_no_wrong,object,Entity
mistletoe,object,Entity
mittens,object,Entity
mixer,object,Entity
mobile_phone,object,Entity
mobile_phone_camera,object,Entity
mobile_phone_case,object,Entity
mobile_phone_cover,object,Entity
mobile_phone_no,emotion,Function
mobile_phone_number,entity,Entity
mobile_phone_ring_tone,object,Entity
mobile_phone_silent,object,Entity
mobile_phone_text_message,entity,Entity
mobile_phone_video,object,Entity
mole,person,Entity
money,entity,Entity
monster,entity,Entity
mop,entity,Entity
moped,entity,Entity
more,quantity,Attribute
morning,time,Function
most,quality,Attribute
moth,entity,Entity
motor_home,entity,Entity
motorcycle,entity,Entity
mountains,place,Entity
mouse,entity,Entity
mouse_mat,object,Entity
mouth,body,Entity
mouthwash,,Other
mouthwash_1,food,Entity
"move_,_to",,Other
muesli,food,Entity
mug_2,object,Entity
multi_media,object,Entity
multiply,action,Action
mum_parent,person,Entity
muscles,body,Entity
mushroom,entity,Entity
music,action,Action
music_class,entity,Entity
music_room,place,Entity
musical_instruments,entity,Entity
musician_1a,person,Entity
musician_1b,person,Entity
musician_2a,person,Entity
musician_2b,action,Action
mussel,entity,Entity
my_computer_icon,entity,Entity
n_-_lower_case,entity,Entity
nail,entity,Entity
nail_care,body,Entity
nail_clippers,entity,Entity
nail_file,object,Entity
nail_polish,object,Entity
nail_polish_remover,object,Entity
nappy,entity,Entity
near,quality,Attribute
neck,body,Entity
necklace,object,Entity
necklace_2,object,Entity
need_toilet,emotion,Function
neither,adverb,Attribute
nest,place,Entity
nest_of_tables,entity,Entity
networked_computers,entity,Entity
new_document,object,Entity
newspaper,object,Entity
newspaper_person_1a,person,Entity
newspaper_person_1b,action,Action
newspaper_person_2a,person,Entity
newspaper_person_2b,action,Action
next,action,Action
next_month,time,Function
next_week,time,Function
night,time,Function
nightgown,object,Entity
nine,quantity,Attribute
nine_dots,quality,Attribute
nineteen,quantity,Attribute
ninety,numeral,Function
no_class,emotion,Function
no_smoking_sign,symbol,Entity
"nod_,_to",,Other
noisy,action,Action
non-permeable,quality,Attribute
non_speaking,object,Entity
noodles,food,Entity
north,place,Entity
north_east,location,Function
north_west,place,Entity
nosey_cup,object,Entity
nostril,body,Entity
notebook,object,Entity
notepad,object,Entity
now,time,Function
nurse_1a,person,Entity
nurse_1b,person,Entity
nurse_2a,person,Entity
nurse_2b,,Other
nuts,food,Entity
o_-_lower_case,entity,Entity
oak_leaf,object,Entity
occupational_therapist_1a,person,Entity
occupational_therapist_1b,person,Entity
occupational_therapist_2a,action,Action
occupational_therapist_2b,person,Entity
octagon,object,Entity
off,,Other
office_block,object,Entity
old_object,object,Entity
old_person_1,person,Entity
old_person_2,,Other
old_person_3,entity,Entity
olive_oil,food,Entity
olives,food,Entity
olympic_games,entity,Entity
olympic_rings,object,Entity
olympic_torch,object,Entity
olympic_torch_2,object,Entity
omelette,food,Entity
on,action,Action
one,quantity,Attribute
one_dot,object,Entity
one_hour,quantity,Attribute
one_third,quantity,Attribute
onion,food,Entity
onion_rings,food,Entity
opaque,quality,Attribute
open,action,Action
"open_,_to",,Other
open_2,action,Action
"open_2_,_to",action,Action
"open_door_,_to",,Other
"open_door_1_,_to",,Other
"open_door_2_,_to",,Other
open_shop,action,Action
"open_tin_,_to",action,Action
operating_theatre,location,Function
operation,action,Action
opposite,adjective,Attribute
orange,food,Entity
orange_2,object,Entity
orange_fizzy_drink,food,Entity
orange_juice,drink,Entity
orange_squash,entity,Entity
"order_1_,_to",,Other
"order_2_,_to",action,Action
ostrich,entity,Entity
out,verb,Action
outbox,object,Entity
outside,place,Entity
oval,quality,Attribute
over,quality,Attribute
owl,entity,Entity
oxygen_mask,object,Entity
oyster,entity,Entity
oyster_2,object,Entity
ozone_layer,,Other
p_-_lower_case,entity,Entity
"pack_suitcase_,_to",,Other
packed_lunch,content,Entity
packed_lunch_2,object,Entity
paddles,object,Entity
paint,object,Entity
"paint_,_to",,Other
"paint_1_,_to",action,Action
"paint_2_,_to",action,Action
paint_box,entity,Entity
paint_brush,object,Entity
paint_brush_2,object,Entity
paint_childs,action,Action
palm,object,Entity
palm_tree,entity,Entity
pancake_2,food,Entity
pancakes,food,Entity
panda,entity,Entity
pants,object,Entity
paper,object,Entity
paper_towel,object,Entity
paper_towels,object,Entity
paperclip,entity,Entity
para_olympic_games,,Other
parachute,object,Entity
parade_1,time,Function
parade_2,noun,Entity
parallelogram,quality,Attribute
paramedic_1a,person,Entity
paramedic_1b,person,Entity
paramedic_2a,,Other
paramedic_2b,person,Entity
parents,person,Entity
"park_,_to",,Other
parrot,entity,Entity
parsnip,,Other
part,,Other
partner,entity,Entity
party_celebration,action,Action
party_popper,object,Entity
passion_flower,entity,Entity
passion_fruit,entity,Entity
passport,object,Entity
past,time,Function
pasta,food,Entity
pasta_sauce,food,Entity
paste,object,Entity
pastie,object,Entity
pastry,food,Entity
"pat_dog_,_to",action,Action
patch_on_clothes,entity,Entity
pate,food,Entity
paw,body part,Entity
paw_1,entity,Entity
pea,food,Entity
peach,food,Entity
peacock,entity,Entity
peanut,entity,Entity
peanut_2,food,Entity
peanut_butter,food,Entity
pear,entity,Entity
peas,food,Entity
pecan,food,Entity
"peel_,_to",,Other
"peel_orange_,_to",,Other
peeler,tool,Entity
pelican,entity,Entity
pen,object,Entity
pen_and_paper,object,Entity
pen_and_paper_2,entity,Entity
pencil,,Other
pencil_and_paper,content,Entity
pencil_and_paper_2,entity,Entity
pencil_box,object,Entity
pencil_case,object,Entity
pencil_sharpener,object,Entity
pencil_sharpener_2,object,Entity
penguin,entity,Entity
penis,,Other
pentagon,shape,Attribute
pepper,food,Entity
pepper_mill,action,Action
percent,quality,Attribute
perfume,object,Entity
"perm_,_to",,Other
permeable,quality,Attribute
personal_passport,object,Entity
pestle_and_mortar,object,Entity
pet_blanket,object,Entity
pet_brush,object,Entity
pet_carrier,,Other
pet_carrying_basket,object,Entity
pet_comb,action,Action
petal,entity,Entity
petrol_tanker,entity,Entity
petticoat,entity,Entity
phone_picture_video,object,Entity
photocopier,tool,Entity
photographs,object,Entity
physio_therapist_1a,person,Entity
physio_therapist_1b,person,Entity
physio_therapist_2a,person,Entity
physio_therapist_2b,person,Entity
piano,object,Entity
"pick_,_to",,Other
pick_and_mix,object,Entity
"pick_up_,_to",,Other
picnic,activity,Action
picture,object,Entity
picture_frame,object,Entity
pie,food,Entity
pie_apple,,Other
pie_chart,object,Entity
pie_cherry,food,Entity
pie_meat,food,Entity
piglet,animal,Entity
pilot_1a,person,Entity
pilot_1b,person,Entity
pilot_2a,person,Entity
pilot_2b,person,Entity
pine_cone,entity,Entity
pine_nut,object,Entity
pineapple,object,Entity
pineapple_juice,drink,Entity
pink,quality,Attribute
pink_bright,quality,Attribute
pink_pale,quality,Attribute
pint,quantity,Attribute
pint_half,object,Entity
pistachios,entity,Entity
pizza,food,Entity
pizza_2,food,Entity
pizza_cutter,,Other
place_mat,object,Entity
place_setting,place,Entity
plane,entity,Entity
plane_landing,action,Action
plane_take_off,action,Action
planets,object,Entity
plant,object,Entity
"plant_,_to",,Other
plaster,object,Entity
plastic,,Other
plastic_bag,object,Entity
plastic_pocket,,Other
plate,object,Entity
plate_guard,object,Entity
plate_lipped,entity,Entity
"play_,_to",,Other
play_area,entity,Entity
playdough,food,Entity
playing_card_picture,,Other
playing_cards,object,Entity
playing_cards_clubs,object,Entity
playing_cards_diamonds,object,Entity
playing_cards_hearts,entity,Entity
playing_cards_patience,activity,Action
playing_cards_spades,object,Entity
playstation,object,Entity
pliers,tool,Entity
"plough_,_to",,Other
"pluck_,_to",,Other
plug_2,object,Entity
plum,object,Entity
plum_tomato,food,Entity
pocket,entity,Entity
"point_,_to",,Other
pointed,quality,Attribute
polar_bear,entity,Entity
police_1a,entity,Entity
police_1b,person,Entity
police_car,object,Entity
police_helmet,entity,Entity
police_radio,object,Entity
"polish_nails_,_to",,Other
pond,place,Entity
pool_hoist,object,Entity
pool_snooker,action,Action
"pop_champagne_cork_,_to",action,Action
pop_socks,entity,Entity
poppadoms,food,Entity
porcupine,entity,Entity
pork_chop,food,Entity
porridge,food,Entity
porter_hospital_1a,person,Entity
porter_hospital_1b,person,Entity
porter_hospital_2a,person,Entity
porter_hospital_2b,entity,Entity
post-it,object,Entity
"post_letter_,_to",,Other
post_person_1a,noun,Entity
post_person_1b,person,Entity
post_person_2a,person,Entity
post_person_2b,entity,Entity
post_van,entity,Entity
pot,object,Entity
pot_noodle,food,Entity
potato,food,Entity
potted_plant,object,Entity
pottery,object,Entity
potty_chair,object,Entity
poultry,entity,Entity
"pour_,_to",,Other
"pour_cake_mixture_,_to",,Other
"pour_custard_,_to",action,Action
powder_puff,object,Entity
power_switch,action,Action
prawn,entity,Entity
"pray_,_to",,Other
"pray_2_,_to",action,Action
prayer,action,Action
present,object,Entity
"press_button_,_to",,Other
pretty,quality,Attribute
pretzel,food,Entity
prickles,entity,Entity
print,action,Action
print_preview,object,Entity
printer,object,Entity
prism_hexagonal,object,Entity
prism_triangular,object,Entity
"prop_up_,_to",,Other
"protect_,_to",,Other
protein,entity,Entity
puffin,entity,Entity
"pull_,_to",,Other
"pull_2_,_to",action,Action
pull_along_toy,object,Entity
pumice_stone,object,Entity
pumpkin,object,Entity
pumpkin_lantern,object,Entity
pumpkin_pie,food,Entity
pupil,body,Entity
puppet,entity,Entity
pureed_food,food,Entity
pureed_food_2,,Other
purple,quality,Attribute
purse,entity,Entity
"push_,_to",,Other
"push_2_,_to",,Other
"push_down_,_to",,Other
"put_,_to",,Other
"put_away_,_to",,Other
"put_in_,_to",action,Action
"put_in_bin_,_to",action,Action
"put_in_cassette_tape_,_to",action,Action
"put_in_cd_dvd_,_to",action,Action
"put_in_contact_lens_,_to",,Other
"put_on_cap_,_to",,Other
"put_on_coat_,_to",,Other
"put_on_helmet_,_to",,Other
"put_on_lid_,_to",action,Action
"put_out_rubbish_,_to",,Other
pyjamas,entity,Entity
pyramid_square_base,object,Entity
pyramid_triangular_base,abstract,Attribute
q_-_lower_case,emission,Action
quadrilateral,entity,Entity
quail,entity,Entity
quarter,quantity,Attribute
"queue_,_to",,Other
quiche_flan,object,Entity
quiet,quality,Attribute
r_-_lower_case,quality,Attribute
rabbit,entity,Entity
rabbit_hutch,object,Entity
race_athletics,action,Action
radish,food,Entity
rain,quality,Attribute
rainbow,object,Entity
raincoat,object,Entity
"raise_feet_,_to",,Other
"raise_head_,_to",,Other
raisin,food,Entity
raisin_currants,food,Entity
rake,object,Entity
"rake_2_,_to",,Other
ram,entity,Entity
ramp,place,Entity
rash,quality,Attribute
rat,animal,Entity
rattle_snake,entity,Entity
ravioli,object,Entity
razor,object,Entity
razor_electric,entity,Entity
"reach_for_,_to",action,Action
"read_,_to",,Other
"read_2_,_to",action,Action
"read_3_,_to",action,Action
"read_book_,_to",,Other
ready,quality,Attribute
ready_2,quality,Attribute
ready_meal,action,Action
ready_meal_lamb,object,Entity
"receive_,_to",,Other
"receive_email_,_to",,Other
recipe,noun,Entity
rectangle,,Other
recycle_bin,object,Entity
recycle_logo,action,Action
recycling_bins,object,Entity
red,quality,Attribute
"refridgerate_,_to",,Other
refuse_collector_1a,action,Action
refuse_collector_1b,person,Entity
refuse_collector_2a,entity,Entity
refuse_collector_2b,entity,Entity
refuse_lorry,object,Entity
reindeer,entity,Entity
"relax_,_to",,Other
"relax_2_,_to",emotion,Function
"relax_3_,_to",action,Action
remote_control,object,Entity
"remove_,_to",action,Action
"rest_,_to",,Other
"retire_,_to",,Other
retired,quality,Attribute
"return_,_to",,Other
"return_book_,_to",,Other
rewind,action,Action
rhinoceros,animal,Entity
rhombus,,Other
rhubarb,food,Entity
ribbon,object,Entity
rice,food,Entity
rice_cake,food,Entity
rice_packet,object,Entity
"ride_car_,_to",action,Action
"ride_horse_,_to",action,Action
riding_hat,body,Entity
rifle,object,Entity
right,quality,Attribute
right_click,action,Action
right_hand,action,Action
ring,entity,Entity
"ring_bell_,_to",action,Action
ring_binder,object,Entity
"ring_doorbell_,_to",,Other
"rinse_,_to",,Other
risen,,Other
road,location,Function
roast_dinner,object,Entity
robin,animal,Entity
"rock_chair_,_to",entity,Entity
rocket,object,Entity
rocket_2,entity,Entity
rocking_chair,,Other
"roll_dice_,_to",,Other
roll_on_deodorant,object,Entity
"roll_over_,_to",,Other
"roll_pastry_,_to",action,Action
roller_blind,object,Entity
roller_coaster,object,Entity
"rollerskate_,_to",,Other
rolling_pin,object,Entity
roman_blind,object,Entity
room,entity,Entity
roots,object,Entity
rose,entity,Entity
rosette,object,Entity
rotary_washing_line,,Other
rowing_boat,object,Entity
"rub_,_to",,Other
rug,object,Entity
rugby_ball,,Other
"run_,_to",,Other
s_-_lower_case,entity,Entity
sack,object,Entity
sad_lady,object,Entity
sad_man,emotion,Function
saddle,object,Entity
saddle_2,object,Entity
safety_goggles,object,Entity
safety_pin,object,Entity
sailor_1a,person,Entity
sailor_1b,entity,Entity
salad,food,Entity
salad_packet,object,Entity
salad_plate,object,Entity
salami_sausage,food,Entity
salt,quality,Attribute
"salt_,_to",,Other
salty,quality,Attribute
same,quality,Attribute
sand_pit,place,Entity
sandals,object,Entity
sandpaper,object,Entity
sandwich,food,Entity
sandwich_cheese,food,Entity
sandwich_chicken,food,Entity
sandwich_ham,food,Entity
sandwich_sausage,food,Entity
sandwich_toasted,food,Entity
sanitary_towel,body,Entity
satellite,object,Entity
satsuma,,Other
sauce_apple,object,Entity
sauce_brown,food,Entity
sauce_cranberry,,Other
sauce_tomato,food,Entity
saucepan,,Other
saucer,entity,Entity
sausage_and_mash,food,Entity
sausage_cumberland,entity,Entity
sausage_roll,food,Entity
sausage_roll_small,object,Entity
sausages,,Other
sausages_2,,Other
save,action,Action
saw,action,Action
scales,action,Action
scales_2,object,Entity
scales_fish,quality,Attribute
scanning,action,Action
scar,body,Entity
scarecrow,object,Entity
scarf,material,Entity
scary,emotion,Function
school,entity,Entity
school_1,entity,Entity
school_bag,object,Entity
science,action,Action
science_class,object,Entity
science_room,entity,Entity
scissors,tool,Entity
scoop,object,Entity
"scoop_,_to",,Other
"score_goal_,_to",action,Action
screw,object,Entity
screwdriver,object,Entity
"scrub_,_to",,Other
scrubbing_brush,entity,Entity
seagull,entity,Entity
seahorse,entity,Entity
seal,entity,Entity
"seal_envelope_,_to",action,Action
seat_belt,object,Entity
second,quantity,Attribute
second_3,action,Action
secretary_1a,person,Entity
secretary_1b,person,Entity
secretary_2a,person,Entity
secretary_2b,entity,Entity
see_saw,object,Entity
seedling,body,Entity
seeds,entity,Entity
seizure,event,Action
senses,quality,Attribute
sensory_room,place,Entity
sensory_tube,object,Entity
"separate_,_to",,Other
serene_lady,,Other
serene_man,emotion,Function
"serve_,_to",,Other
"serve_2_,_to",,Other
serviette,,Other
"set_table_,_to",action,Action
"set_the_table_,_to",action,Action
"set_timer_,_to",,Other
settee_1,entity,Entity
settee_2,entity,Entity
seven,quantity,Attribute
seven_dots,action,Action
seventeen,quantity,Attribute
seventy,quantity,Attribute
seventy_five_percent,quantity,Attribute
"sew_,_to",,Other
"shake_,_to",,Other
"shake_hands_,_to",,Other
"shake_something_,_to",action,Action
shallow,quality,Attribute
shampoo,object,Entity
"shampoo_animal_,_to",,Other
"shampoo_hair_,_to",action,Action
shape_puzzle,action,Action
shapes,object,Entity
shapesorter,entity,Entity
"share_,_to",,Other
sharp,quality,Attribute
"sharpen_,_to",,Other
"shave_,_to",,Other
"shave_underarm_,_to",,Other
"shave_with_razor_,_to",action,Action
shaving_cream,food,Entity
sheep,entity,Entity
shells,entity,Entity
shepherd_1a,person,Entity
shepherd_1b,entity,Entity
shin,body,Entity
shiny,quality,Attribute
shirt,object,Entity
shoe_-_ladies,object,Entity
shoe_-_mans,,Other
"shoot_,_to",,Other
shooting_star,object,Entity
shop,entity,Entity
shop_2,place,Entity
short,quality,Attribute
short_2,action,Action
short_hair,action,Action
shorts,entity,Entity
shoulder,body part,Entity
"shout_,_to",,Other
"show_me_,_to",,Other
shower,object,Entity
"shower_1_,_to",action,Action
"shower_2_,_to",,Other
shower_cap,object,Entity
shower_gel,entity,Entity
shrew,entity,Entity
shrimp,food,Entity
shuttlecock,object,Entity
side,location,Function
sieve,object,Entity
"sieve_,_to",,Other
"sign_,_to",,Other
signpost,object,Entity
signpost_1,object,Entity
silence,quality,Attribute
simnel_cake,object,Entity
"sing_,_to",,Other
singer_1a,entity,Entity
singer_1b,person,Entity
singer_2a,person,Entity
singer_2b,person,Entity
single_bed,object,Entity
sink,object,Entity
"sink_,_to",,Other
sink_2,place,Entity
"sink_2_,_to",,Other
sister,person,Entity
"sit_,_to",,Other
"sit_2_,_to",action,Action
"sit_at_computer_,_to",action,Action
"sit_at_computer_,_to_2",action,Action
"sit_in_beanbag_,_to",,Other
"sit_on_floor_,_to",,Other
six,quantity,Attribute
six_dots,abstract,Attribute
sixteen,quantity,Attribute
sixty,quantity,Attribute
"skate_,_to",,Other
skate_park,place,Entity
skateboard,object,Entity
skeleton,entity,Entity
"ski_,_to",,Other
"skid_,_to",,Other
skin,body,Entity
"skip_,_to",,Other
skirt,entity,Entity
skis,object,Entity
skull,entity,Entity
skunk,entity,Entity
sledge,object,Entity
"sleep_female_,_to",action,Action
"sleep_male_,_to",action,Action
"sleep_on_side_,_to",,Other
sleep_suit_baby,entity,Entity
sleigh,object,Entity
slice,food,Entity
slide,object,Entity
"slide_,_to",,Other
"slide_backwards_,_to",,Other
"slide_forwards_,_to",,Other
sling,object,Entity
slippers,object,Entity
slippery,quality,Attribute
slug,object,Entity
"smear_,_to",,Other
"smile_,_to",,Other
"smoke_,_to",,Other
smooth,action,Action
snail,entity,Entity
snake,entity,Entity
"sneak_,_to",,Other
sneering_lady,emotion,Function
sneering_man,entity,Entity
sneeze_cold,action,Action
snow,object,Entity
soap,food,Entity
socks,object,Entity
soft,quality,Attribute
soldier_1a,,Other
soldier_1b,person,Entity
soldier_2a,person,Entity
soldier_2b,person,Entity
sole,body,Entity
some,entity,Entity
son,person,Entity
"sort_,_to",,Other
soup,food,Entity
soup_carrot,object,Entity
soup_chicken,food,Entity
soup_mushroom,food,Entity
soup_onion,food,Entity
soup_pea,food,Entity
soup_tomato,food,Entity
soup_vegetable,object,Entity
sour,quality,Attribute
sour_cream,,Other
south,location,Function
south_east,entity,Entity
south_west,place,Entity
space_bar,object,Entity
spaceship,object,Entity
spade,object,Entity
spaghetti,food,Entity
spaghetti_bolognaise,entity,Entity
sparkler,entity,Entity
spatula,object,Entity
spatula_2,object,Entity
speech_language_therapist_1a,person,Entity
speech_language_therapist_1b,person,Entity
speech_language_therapist_2a,entity,Entity
speech_language_therapist_2b,action,Action
"spell_,_to",,Other
spicy,quality,Attribute
spider,entity,Entity
spiders_web,object,Entity
"spill_,_to",,Other
"spin_,_to",,Other
spinach,food,Entity
spine,entity,Entity
sponge,object,Entity
spoon,object,Entity
spoon_adapted,object,Entity
spot_light,object,Entity
spotty,quality,Attribute
spotty_2,,Other
"spray_,_to",,Other
"spread_,_to",,Other
spring,time,Function
spring_onions,entity,Entity
"sprinkle_,_to",,Other
square,quality,Attribute
square_setsquare,entity,Entity
squash,food,Entity
"squash_,_to",,Other
"squeak_,_to",,Other
"squeeze_,_to",,Other
squirrel_1a,entity,Entity
squirrel_1b,entity,Entity
"squirt_,_to",,Other
stable,structure,Entity
stable_1,,Other
stable_2,substance,Entity
stag,entity,Entity
stairs,object,Entity
"stamp_,_to",,Other
"stand_,_to",,Other
standard_lamp,object,Entity
"staple_,_to",,Other
stapler,object,Entity
star,entity,Entity
star_2,entity,Entity
star_stacker,object,Entity
starfish,entity,Entity
steak,object,Entity
"steal_,_to",,Other
steam_train,action,Action
steamer,object,Entity
step_brother,relationship,Function
step_by_step,action,Action
step_dad_parent,person,Entity
step_daughter_1,person,Entity
step_daughter_2,person,Entity
step_mum_parent,entity,Entity
step_sister,entity,Entity
step_son_1,person,Entity
step_son_2,person,Entity
stereo,object,Entity
stethoscope,object,Entity
stick,object,Entity
stickers,object,Entity
sticky,quality,Attribute
sting_bee,animal,Entity
"stir_,_to",,Other
stir_fry,action,Action
"stir_fry_,_to",,Other
"stir_mix_,_to",,Other
stirrups,entity,Entity
stoat,entity,Entity
stock,entity,Entity
stock_cubes,object,Entity
stomach,entity,Entity
stomach_1,body,Entity
stomach_ache,emotion,Function
stone,entity,Entity
stool,object,Entity
straight,quality,Attribute
"strain_,_to",,Other
straw,object,Entity
strawberry,food,Entity
strawberry_jam,food,Entity
"stretch_,_to",,Other
string,object,Entity
striped,quality,Attribute
"stroke_,_to",,Other
"stroke_2_,_to",action,Action
strong,quality,Attribute
stubble,quality,Attribute
"study_,_to",,Other
stuffing,food,Entity
subsoil,entity,Entity
subtract,action,Action
sugar_bowl,object,Entity
sugar_brown,food,Entity
sugar_white,object,Entity
suit_-_ladys,object,Entity
suit_-_mans,,Other
suitcase_1,object,Entity
suitcase_2,entity,Entity
sum,mathematics,Attribute
summer,time,Function
sun,entity,Entity
sun_lounger,entity,Entity
sunglasses,body,Entity
sunscreen,entity,Entity
surgery_health_centre,location,Function
surprised_lady,entity,Entity
surprised_man,emotion,Function
swan,animal,Entity
sweatshirt,entity,Entity
swede,entity,Entity
sweet,,Other
sweet_2,quality,Attribute
sweet_potato,food,Entity
sweetcorn,food,Entity
"swim_,_to",,Other
"swim_2_,_to",action,Action
swimming_cap,entity,Entity
swimming_class,entity,Entity
swimming_costume,entity,Entity
swimming_trunks,entity,Entity
swing,object,Entity
"swing_,_to",,Other
swiss_roll,food,Entity
switch_access,object,Entity
switch_low_profile_1,electronics,Entity
switch_low_profile_2,object,Entity
switch_low_profile_3,object,Entity
switch_mount,object,Entity
"switch_on_television_,_to",,Other
syringe,object,Entity
t-shirt,entity,Entity
t_-_lower_case,quality,Attribute
table,entity,Entity
table_2,entity,Entity
table_cloth,object,Entity
tablecloth,object,Entity
tablet_blister_pack,object,Entity
tablets,entity,Entity
"take_,_to",,Other
"take_a_work_break_,_to",action,Action
"take_care_of_,_to",emotion,Function
"take_off_cap_,_to",action,Action
"take_off_lid_,_to",action,Action
"take_out_,_to",action,Action
"take_picture_,_to",,Other
takeaway_burger,food,Entity
takeaway_burger_and_chips,food,Entity
takeaway_chinese,action,Action
takeaway_container,entity,Entity
takeaway_indian,food,Entity
takeaway_pizza,object,Entity
"talk_1_,_to",action,Action
"talk_2_,_to",action,Action
"talk_3_,_to",action,Action
"talk_4_,_to",action,Action
tall,quality,Attribute
tampon,,Other
tap,object,Entity
tape_measure,object,Entity
tape_recorder,action,Action
tart,food,Entity
tartan,object,Entity
"taste_,_to",action,Action
tattoo,entity,Entity
taxi,entity,Entity
taxi_driver_1a,person,Entity
taxi_driver_1b,person,Entity
taxi_driver_1c,person,Entity
taxi_driver_1d,entity,Entity
taxi_driver_2a,person,Entity
taxi_driver_2b,person,Entity
taxi_driver_2c,person,Entity
taxi_driver_2d,person,Entity
tea,drink,Entity
tea_bag,object,Entity
tea_instant,food,Entity
tea_spoon,object,Entity
tea_time,time,Function
tea_towel,object,Entity
teacher_1a,person,Entity
teacher_1b,person,Entity
teacher_2a,,Other
teacher_2b,,Other
teapot,object,Entity
"tear_,_to",,Other
technology,entity,Entity
teddy_bear,entity,Entity
teeth,entity,Entity
teeth_2,,Other
"telephone_2_,_to",object,Entity
telephone_handset,entity,Entity
"telephone_mobile_,_to",,Other
"telephone_mobile_2_,_to",action,Action
telephone_toy,object,Entity
temple,entity,Entity
ten,quantity,Attribute
tennis,action,Action
terracotta,entity,Entity
test,action,Action
test_tube,object,Entity
"text_mobile_message_,_to",object,Entity
text_phone,object,Entity
theme_park,place,Entity
thermometer,object,Entity
thermometer_2,entity,Entity
thick,quality,Attribute
thigh,body,Entity
thin,quality,Attribute
thin_2,shape,Attribute
"think_,_to",,Other
thirsty,emotion,Function
thirteen,quantity,Attribute
thirty,quantity,Attribute
this_month,time,Function
this_week,time,Function
thousand,quantity,Attribute
three,quantity,Attribute
three_dots,object,Entity
three_quarters,quantity,Attribute
three_wise_kings,entity,Entity
throat,body,Entity
through,,Other
"throw_away_,_to",,Other
thumb,body,Entity
thumbs,action,Action
thunder_storm,event,Action
"tickle_,_to",,Other
"tidy_2_,_to",,Other
"tidy_up_,_to",action,Action
tie,object,Entity
"tie_,_to",,Other
"tie_2_,_to",action,Action
tiger,entity,Entity
"tighten_,_to",,Other
tights,entity,Entity
time_out,quality,Attribute
timer_2,time,Function
tin,material,Entity
tin_can,entity,Entity
tin_foil,material,Entity
tinned_apricots,food,Entity
tinned_cherries,food,Entity
tinned_mushroom_soup,object,Entity
tinned_peaches,food,Entity
tinned_pears,food,Entity
tinned_peas,food,Entity
tinned_pineapple,food,Entity
tinned_plums,food,Entity
tinned_sweetcorn,food,Entity
tinned_tomato,food,Entity
tinsel,object,Entity
tippex,action,Action
tissues,object,Entity
toad,entity,Entity
toast,food,Entity
toaster,object,Entity
today,time,Function
toe_nail,body part,Entity
toilet,,Other
"toilet_,_go_to_the",object,Entity
toilet_roll,object,Entity
toilets,place,Entity
tomato,food,Entity
tomato_juice,drink,Entity
tomato_slice,object,Entity
tomb_1,entity,Entity
tomb_2,entity,Entity
tomorrow,time,Function
tongs,object,Entity
tongue,body part,Entity
tooth,body part,Entity
toothache,emotion,Function
toothbrush,object,Entity
toothbrush_electric,object,Entity
toothpaste,food,Entity
top,entity,Entity
top_2,entity,Entity
topsoil,,Other
torch,object,Entity
torch_2,object,Entity
torch_3,object,Entity
tortoise,entity,Entity
"toss_pancake_,_to",action,Action
"touch_,_to",,Other
touch_screen,action,Action
toupee,entity,Entity
towel,body,Entity
toy_box,object,Entity
toy_car,object,Entity
toy_soldier,person,Entity
toys,entity,Entity
"trace_,_to",,Other
trachea,body,Entity
tracksuit,entity,Entity
tractor,object,Entity
traffic_lights,object,Entity
train,object,Entity
trainers,entity,Entity
trampoline,entity,Entity
"trampoline_,_to",,Other
transparent,quality,Attribute
"transport_car_,_to",,Other
trap,object,Entity
trapezium,entity,Entity
travel,action,Action
tray,object,Entity
tree,entity,Entity
tree_ornament_chocolate,entity,Entity
tree_trunk,object,Entity
triangle_acute,shape,Attribute
triangle_equilateral,object,Entity
triangle_isosceles,abstract,Attribute
triangle_obtuse,geometry,Attribute
triangle_right-angled,abstract,Attribute
triangle_scalene,abstract,Attribute
trick_or_treat,action,Action
"trim_,_to",,Other
"trim_hedge_,_to",,Other
tripod,object,Entity
trousers,object,Entity
trowel,entity,Entity
tulip,entity,Entity
tuna,entity,Entity
turkey,entity,Entity
turkey_2,entity,Entity
"turn_,_to",,Other
"turn_down_heat_,_to",,Other
"turn_down_light_,_to",,Other
"turn_off_,_to",,Other
"turn_off_light_switch_,_to",,Other
"turn_on_,_to",,Other
"turn_on_light_switch_,_to",,Other
"turn_up_heat_,_to",action,Action
"turn_up_light_,_to",,Other
turnip,food,Entity
turtle,entity,Entity
tv_drama,entity,Entity
twelve,quantity,Attribute
twenty,quantity,Attribute
twenty_five_percent,quality,Attribute
two,quantity,Attribute
two_dots,symbol,Entity
two_thirds,quantity,Attribute
"type_,_to",,Other
u_-_lower_case,entity,Entity
ugly,quality,Attribute
umbrella,,Other
"unbuckle_,_to",,Other
"unbutton_,_to",,Other
"unbutton_2_,_to",action,Action
uncle_maternal,entity,Entity
uncle_paternal,entity,Entity
under_1,object,Entity
underarm,body,Entity
underarm_hair,,Other
underground_sign,object,Entity
underground_train,object,Entity
"undress_,_to",,Other
"unlock_,_to",,Other
"untie_,_to",,Other
up,action,Action
upper_arm,body,Entity
usb_stick,object,Entity
"use_computer_,_to",,Other
v_-_lower_case,action,Action
vacuum_cleaner_1,,Other
vacuum_cleaner_2,,Other
vacuum_cleaner_hand_held,object,Entity
vagina,,Other
van,entity,Entity
varnish,entity,Entity
vase,place,Entity
vegetables,object,Entity
verbs_collective,action,Action
vertical_blinds,object,Entity
vest,entity,Entity
vice,object,Entity
video_camera,object,Entity
video_player,object,Entity
video_tape,object,Entity
vine,body,Entity
vinegar,object,Entity
"visit_,_to",,Other
visitor_1a,,Other
visitor_1b,person,Entity
visor,object,Entity
visor_2,entity,Entity
volleyball,action,Action
"vomit_,_to",,Other
"vomit_2_,_to",action,Action
"vote_,_to",,Other
vulture,animal,Entity
w_-_lower_case,entity,Entity
wafer,object,Entity
"wag_tail_,_to",action,Action
"wag_tail_2_,_to",action,Action
waistcoat,entity,Entity
"wait_,_to",,Other
"wait_table_,_to",,Other
"wake_up_,_to",,Other
"walk_,_to",,Other
"walk_dog_,_to",,Other
"walk_downstairs_,_to",,Other
"walk_up_to_,_to",action,Action
"walk_upstairs_,_to",,Other
walking_frame,entity,Entity
walking_stick,object,Entity
walkman,object,Entity
wall,place,Entity
wallet,object,Entity
walnut,food,Entity
walrus,entity,Entity
"want_,_to",,Other
wardrobe,object,Entity
warm_clothes,entity,Entity
warm_fire,quality,Attribute
warning_light,object,Entity
"wash_clothes_,_to",action,Action
"wash_face_,_to",action,Action
"wash_hands_,_to",,Other
"wash_up_,_to",,Other
"wash_vegetables_,_to",,Other
washing_machine,object,Entity
washing_powder,object,Entity
washing_up_bowl,object,Entity
washing_up_liquid,object,Entity
wasp,entity,Entity
waste_paper_bin,place,Entity
watch,entity,Entity
"watch_,_to",,Other
water,object,Entity
water_bottle_hamster,entity,Entity
water_bowl,entity,Entity
water_pistol,object,Entity
"water_plants_,_to",action,Action
water_table,object,Entity
watering_can,object,Entity
watermelon,food,Entity
waterproof,quality,Attribute
wavy,,Other
weak_link,entity,Entity
"wear_helmet_,_to",,Other
web_address,entity,Entity
webbed_foot,emotional aid,Attribute
webcam,object,Entity
weeds,entity,Entity
week,time,Function
week_1,time,Function
weekend,time,Function
"weigh_,_to",,Other
"weigh_food_,_to",action,Action
"weigh_person_,_to",,Other
wellington_boots,entity,Entity
west,location,Function
wet,quality,Attribute
wet_1,quality,Attribute
what,action,Action
wheelbarrow,,Other
wheelchair,object,Entity
wheelchair_and_switch_mount,,Other
wheelchair_communication_aid,object,Entity
wheelie_bin,entity,Entity
wheelie_bin_2,object,Entity
wheelie_bin_3,object,Entity
when,time,Function
where,place,Entity
where_1,place,Entity
which,PRON,Function
whisk,entity,Entity
"whisk_,_to",,Other
whiskers,object,Entity
"whisper_,_to",,Other
white,quality,Attribute
whiteboard,object,Entity
who,person,Entity
whole,quality,Attribute
why,emotion,Function
wife,entity,Entity
wig_1,entity,Entity
wig_2,entity,Entity
"wiggle_,_to",,Other
window,object,Entity
windpipe,body,Entity
wine,drink,Entity
wing,entity,Entity
winner,,Other
winter,time,Function
"wipe_table_,_to",,Other
wire_break,object,Entity
wishbone,object,Entity
witch,person,Entity
witches_hat,entity,Entity
wolf,entity,Entity
wood,object,Entity
wood_lathe,tool,Entity
wooden_spoon,object,Entity
woodstain,object,Entity
wool,material,Entity
"work_,_to",,Other
"work_2_,_to",,Other
work_book,,Other
worksheet,object,Entity
world,,Other
worried_lady,emotion,Function
worried_man,emotion,Function
"wrap_,_to",,Other
wrapping_paper,object,Entity
wrench,object,Entity
"wrestle_,_to",,Other
wrinkled,quality,Attribute
wrist,body,Entity
"write_,_to",,Other
"write_cheque_,_to",action,Action
"write_letter_,_to",,Other
wrong_thought,emotion,Function
x_-_lower_case,symbol,Entity
xray,action,Action
xylophone,object,Entity
y_-_lower_case,entity,Entity
"yawn_,_to",,Other
yellow,quality,Attribute
yesterday,time,Function
yo-yo,object,Entity
yogurt,food,Entity
yorkshire_pudding,food,Entity
young,quality,Attribute
yucky,emotion,Function
yule_log,object,Entity
yummy,quality,Attribute
z_-_lower_case,entity,Entity
zebra,entity,Entity
zebra_crossing,object,Entity
zip,,Other
"zoom_,_to",,Other
,,
